full_name,stars,forks,age_days,stars_per_day,primary_language,license,desc_len,score,tier,reasons
kanavtwtgg/birds.cafe,633,0,1,633.0,JavaScript,,0,7,低資訊密度,"desc:empty, license:none, low-forks:0.000, overnight-surge:633/day, topics:none"
zhongerxin/Cowart,2211,168,4,552.8,JavaScript,,0,7,低資訊密度,"desc:empty, license:none, high-attention-no-desc, overnight-surge:553/day, topics:none"
Regert888/gpt-outlook-register,111,43,14,7.9,Python,,0,5,低資訊密度,"desc:empty, license:none, generic-name:gpt-outlook-register, topics:none"
chaseai-yt/grill-me-codex,263,33,17,15.5,Unknown,NOASSERTION,0,5,低資訊密度,"desc:empty, license:none, generic-name:grill-me-codex, topics:none"
gakiyukr/Codex_team_auto,107,53,5,21.4,Python,,0,5,低資訊密度,"desc:empty, license:none, generic-name:Codex_team_auto, topics:none"
world-action-models/awesome-world-action-models,232,3,5,46.4,Unknown,,0,5,低資訊密度,"desc:empty, license:none, generic-name:awesome-world-action-models, topics:none"
deermiya/visio-skill,121,10,27,4.5,Python,,0,5,低資訊密度,"desc:empty, license:none, generic-name:visio-skill, topics:none"
jiaran-king/Re-Zero---Starting-LLM-,211,8,26,8.1,Python,,0,5,低資訊密度,"desc:empty, license:none, generic-name:Re-Zero---Starting-LLM-, topics:none"
levy-street/world-of-claudecraft,1153,338,12,96.1,TypeScript,MIT,0,5,低資訊密度,"desc:empty, high-attention-no-desc, topics:none"
jmmy9609-design/gpt-pp,401,206,13,30.8,Python,,0,5,低資訊密度,"desc:empty, license:none, generic-name:gpt-pp, topics:none"
itssosunny/im-not-strange-ai,118,21,2,59.0,Python,NOASSERTION,0,4,待檢視,"desc:empty, license:none, topics:none"
chaitin/agent-compose,161,15,16,10.1,Go,AGPL-3.0,0,4,待檢視,"desc:empty, generic-name:agent-compose, topics:none"
vorpus/performativeUI,759,21,15,50.6,TypeScript,,0,4,待檢視,"desc:empty, license:none, topics:none"
sii-research/tau-0-wm,233,12,23,10.1,Python,,0,4,待檢視,"desc:empty, license:none, topics:none"
MiniMax-AI/MiniMax-M3,347,32,21,16.5,Unknown,,0,4,待檢視,"desc:empty, license:none, topics:none"
cclank/tokei,138,18,18,7.7,C++,,0,4,待檢視,"desc:empty, license:none, topics:none"
ConiferKit/sage,298,12,21,14.2,Shell,NOASSERTION,0,4,待檢視,"desc:empty, license:none, topics:none"
tonbistudio/hermes-multi-agent-workflow,313,67,24,13.0,Python,MIT,0,4,待檢視,"desc:empty, generic-name:hermes-multi-agent-workflow, topics:none"
secret-tools/secret-tool,728,1,14,52.0,Unknown,,59,4,待檢視,"license:none, low-forks:0.001, topics:none"
cocktailpeanut/image-to-prompt,116,13,12,9.7,JavaScript,,0,4,待檢視,"desc:empty, license:none, generic-name:image-to-prompt"
davepl/BlinkenDisk,117,6,27,4.3,Swift,NOASSERTION,0,4,待檢視,"desc:empty, license:none, topics:none"
johnmiddleton12/wearable,282,138,24,11.8,Python,,0,4,待檢視,"desc:empty, license:none, topics:none"
bautistaaa/dotfiles,269,7,29,9.3,Shell,,0,4,待檢視,"desc:empty, license:none, topics:none"
V4bel/ITScape,115,17,12,9.6,C,,0,4,待檢視,"desc:empty, license:none, topics:none"
riyagoelrs/tiktok-scraper,150,15,27,5.6,Python,,0,4,待檢視,"desc:empty, license:none, topics:none"
nex-agi/Nex-N2,319,33,19,16.8,Unknown,,0,4,待檢視,"desc:empty, license:none, topics:none"
cauenapier/TownSquare,166,6,16,10.4,JavaScript,,0,4,待檢視,"desc:empty, license:none, topics:none"
xevrion-v2/agent-playground,184,301,19,9.7,TypeScript,,0,4,待檢視,"desc:empty, license:none, generic-name:agent-playground"
GOROman/nullevi03,178,11,26,6.8,Shell,,0,4,待檢視,"desc:empty, license:none, topics:none"
Phoenixx1202/Spectrum-Library,140,4,16,8.8,Unknown,,0,4,待檢視,"desc:empty, license:none, topics:none"
testkubesail4/south-plus-pro,130,7,24,5.4,Dart,,0,4,待檢視,"desc:empty, license:none, topics:none"
zarazhangrui/zarazhangrui,222,5,21,10.6,Unknown,,0,4,待檢視,"desc:empty, license:none, topics:none"
Moh4696/websites-100-audit,236,49,24,9.8,Shell,,0,4,待檢視,"desc:empty, license:none, topics:none"
disler/pi-agent-observability,107,34,27,4.0,TypeScript,MIT,0,4,待檢視,"desc:empty, generic-name:pi-agent-observability, topics:none"
zhengdian1/InterleaveThinker,209,3,11,19.0,Python,,0,4,待檢視,"desc:empty, license:none, topics:none"
erthorpabar/pabar_agent_runtime,211,0,22,9.6,Unknown,,13,4,待檢視,"desc:short, license:none, generic-name:pabar_agent_runtime, topics:none"
nctu6/nightmare-eclipse,129,78,28,4.6,C++,,0,4,待檢視,"desc:empty, license:none, topics:none"
i5ting/learn-ai-practice,109,4,1,109.0,Unknown,,0,4,待檢視,"desc:empty, license:none, topics:none"
GordenSun/mathVideoMaker,223,46,22,10.1,Python,,0,4,待檢視,"desc:empty, license:none, topics:none"
naomili0924/inference_aware_grpo_training,210,8,22,9.5,Python,,0,4,待檢視,"desc:empty, license:none, topics:none"
haskaomni/serenity,210,36,29,7.2,Python,,0,4,待檢視,"desc:empty, license:none, topics:none"
do-md/domd,348,13,28,12.4,TypeScript,NOASSERTION,0,4,待檢視,"desc:empty, license:none, topics:none"
rpanigrahi222/intruth-factcheck,323,52,5,64.6,JavaScript,NOASSERTION,0,4,待檢視,"desc:empty, license:none, topics:none"
notedit/vtake-skills,108,12,24,4.5,HTML,MIT,0,4,待檢視,"desc:empty, generic-name:vtake-skills, topics:none"
goobolabs/ds-ml-bootcamp,112,108,11,10.2,Jupyter Notebook,,0,4,待檢視,"desc:empty, license:none, topics:none"
wechat-miniprogram/ai-mode-demo,237,36,17,13.9,JavaScript,MIT,0,4,待檢視,"desc:empty, generic-name:ai-mode-demo, topics:none"
mchughalex/skate3recomp,359,14,18,19.9,C++,,0,4,待檢視,"desc:empty, license:none, topics:none"
Tyxy-R/codex-referral-risk-research,231,132,5,46.2,Python,MIT,0,4,待檢視,"desc:empty, generic-name:codex-referral-risk-research, topics:none"
JFGAtlas/aethergate-pro,360,50,15,24.0,Python,,0,4,待檢視,"desc:empty, license:none, topics:none"
hhyqhh/inno-agent,121,21,25,4.8,TypeScript,MIT,0,4,待檢視,"desc:empty, generic-name:inno-agent, topics:none"
semantic-craft/anamra,149,0,18,8.3,Swift,,0,4,待檢視,"desc:empty, license:none, topics:none"
InsiderX-Pro/SE-Bridge-TTS,243,1,13,18.7,HTML,,0,4,待檢視,"desc:empty, license:none, topics:none"
safeboundai/vibe-scanner,243,61,26,9.3,HTML,Apache-2.0,0,4,待檢視,"desc:empty, generic-name:vibe-scanner, topics:none"
inbrainfun/inbrain,304,190,12,25.3,TypeScript,NOASSERTION,0,4,待檢視,"desc:empty, license:none, topics:none"
a6216abcd/Free-Residential-IP-Proxy-Controller,160,214,24,6.7,JavaScript,,0,4,待檢視,"desc:empty, license:none, topics:none"
SakanaAI/fugu,252,35,5,50.4,Shell,,0,4,待檢視,"desc:empty, license:none, topics:none"
DelegateMatch/Claude-Mythos-AI-Workspace,205,1,15,13.7,Go,NOASSERTION,0,4,待檢視,"desc:empty, license:none, generic-name:Claude-Mythos-AI-Workspace"
J0K3R-x-Anarchy/Insta-private-connections,107,22,24,4.5,Unknown,,0,4,待檢視,"desc:empty, license:none, topics:none"
zongshun21/-CSIM-,104,4,15,6.9,Unknown,,0,4,待檢視,"desc:empty, license:none, topics:none"
pzr2508/RL_for_Game,123,2,8,15.4,Python,,0,4,待檢視,"desc:empty, license:none, topics:none"
wesson9527/chokepoint-atlas,647,137,21,30.8,Python,,0,4,待檢視,"desc:empty, license:none, topics:none"
haskaomni/serenity-skill,569,87,22,25.9,Unknown,MIT,0,4,待檢視,"desc:empty, generic-name:serenity-skill, topics:none"
huang-sir1/radiology-skills,125,4,4,31.2,Python,MIT,0,4,待檢視,"desc:empty, generic-name:radiology-skills, topics:none"
SUZ-tsinghua/smp,197,19,26,7.6,Python,,0,4,待檢視,"desc:empty, license:none, topics:none"
wechat-miniprogram/ai-mode-skills,127,8,17,7.5,HTML,MIT,0,4,待檢視,"desc:empty, generic-name:ai-mode-skills, topics:none"
Michaelliv/pi-dynamic-workflows,987,57,25,39.5,TypeScript,,0,4,待檢視,"desc:empty, license:none, topics:none"
threeorz1027-svg/quiztube,135,0,25,5.4,HTML,,0,4,待檢視,"desc:empty, license:none, topics:none"
pood1e/wa-app,556,281,22,25.3,Go,,0,4,待檢視,"desc:empty, license:none, topics:none"
viitor-ai/viitor-voice-nar,144,30,13,11.1,Python,,0,4,待檢視,"desc:empty, license:none, topics:none"
anomalyco/rift,635,13,22,28.9,Rust,,0,4,待檢視,"desc:empty, license:none, topics:none"
ZYPGITA/astra-flux,200,0,28,7.1,Python,,0,4,待檢視,"desc:empty, license:none, topics:none"
InsiderX-Pro/LogicCut,103,5,12,8.6,Python,NOASSERTION,0,4,待檢視,"desc:empty, license:none, topics:none"
yfyang007/ControlLight,104,9,29,3.6,Python,,0,4,待檢視,"desc:empty, license:none, topics:none"
opengram-server/opengram,202,22,18,11.2,C#,,0,4,待檢視,"desc:empty, license:none, topics:none"
TigerBruce/lceda-operation-notes,107,20,17,6.3,PowerShell,,0,4,待檢視,"desc:empty, license:none, topics:none"
SoftCharacter/DaimsenGogo,123,4,29,4.2,Python,,0,4,待檢視,"desc:empty, license:none, topics:none"
MiniMax-AI/MSA,346,30,11,31.5,Python,MIT,0,3,待檢視,"desc:empty, topics:none"
zgwl/chinese-buy-us-stock-guide,4842,742,23,210.5,Unknown,,4,3,待檢視,"desc:short, license:none, topics:none"
zhishile/codex-auth-helper,270,51,20,13.5,CSS,,69,3,待檢視,"license:none, generic-name:codex-auth-helper, topics:none"
digitalinnovationone/dio-agent,295,50,26,11.3,Unknown,,54,3,待檢視,"license:none, generic-name:dio-agent, topics:none"
ShiroEirin/comfyui-good-anima,267,23,26,10.3,Rust,GPL-3.0,0,3,待檢視,"desc:empty, topics:none"
mizuamedesu/ReportSkills,150,3,18,8.3,Shell,MIT,0,3,待檢視,"desc:empty, topics:none"
AI-Builder-Club/loop-engineer-template,282,48,8,35.2,JavaScript,,34,3,待檢視,"license:none, generic-name:loop-engineer-template, topics:none"
hitmux/hitmux-context-engine,157,0,12,13.1,TypeScript,MIT,0,3,待檢視,"desc:empty, topics:none"
liuliu667/cram-engine,158,1,16,9.9,Unknown,MIT,0,3,待檢視,"desc:empty, topics:none"
JaceThings/Highlighters,156,4,25,6.2,TypeScript,MIT,0,3,待檢視,"desc:empty, topics:none"
ningsiii/ClickDeck,155,9,28,5.5,TypeScript,MIT,0,3,待檢視,"desc:empty, topics:none"
tiantianGPU/reg-factory,928,437,21,44.2,Python,,6,3,待檢視,"desc:short, license:none, topics:none"
PlummersSoftwareLLC/TinyRetroPad,260,18,18,14.4,Assembly,Apache-2.0,0,3,待檢視,"desc:empty, topics:none"
MindLab-Research/Mixture-of-LoRA-Harness,117,7,16,7.3,Python,MIT,0,3,待檢視,"desc:empty, topics:none"
saksham2001/PulseLoopiOS,233,30,21,11.1,Swift,CC-BY-4.0,0,3,待檢視,"desc:empty, topics:none"
esthersjw/esther-design-system,137,74,29,4.7,HTML,,11,3,待檢視,"desc:short, license:none, topics:none"
yucheng1554439/archlens,138,16,13,10.6,TypeScript,MIT,0,3,待檢視,"desc:empty, topics:none"
Palaiologos1453/OpenInterview,163,18,14,11.6,Python,MIT,0,3,待檢視,"desc:empty, topics:none"
12britz/awesome-free-models,862,61,16,53.9,Unknown,NOASSERTION,84,3,待檢視,"license:none, generic-name:awesome-free-models, topics:none"
duckbugio/flock,747,3,14,53.4,Go,MIT,26,3,待檢視,"low-forks:0.004, topics:none"
SarkAzia/baiyueguang-learning-skill,161,4,1,161.0,Unknown,,20,3,待檢視,"license:none, generic-name:baiyueguang-learning-skill, topics:none"
aidenybai/cnfast,709,7,3,236.3,TypeScript,NOASSERTION,33,3,待檢視,"license:none, low-forks:0.010"
halfof8/patterngen-oss,287,19,6,47.8,TypeScript,MIT,0,3,待檢視,"desc:empty, topics:none"
SphereDuelist65/DBooster-2026,263,0,8,32.9,Unknown,NOASSERTION,0,3,待檢視,"desc:empty, license:none"
Cascadezengive/Discord-Server-Boost-Nitro-Free,310,0,15,20.7,Unknown,NOASSERTION,0,3,待檢視,"desc:empty, license:none"
rezakhosh78/SIMORGH,117,4,13,9.0,Kotlin,,12,3,待檢視,"desc:short, license:none, topics:none"
imperia-ran/DTLN_v2.0,119,2,29,4.1,Python,MIT,0,3,待檢視,"desc:empty, topics:none"
stepfun-ai/Step-3.7-Flash,249,21,26,9.6,Unknown,Apache-2.0,0,3,待檢視,"desc:empty, topics:none"
zamesin/Next-Move-Theory-Canon-and-Skills,136,37,21,6.5,PowerShell,NOASSERTION,178,3,待檢視,"license:none, generic-name:Next-Move-Theory-Canon-and-Skills, topics:none"
Cascadeueretort/WindowsTweaks,266,0,8,33.2,Unknown,,0,3,待檢視,"desc:empty, license:none"
Pooltopuzzle/Driver-Updater-Batch,264,0,8,33.0,Unknown,,0,3,待檢視,"desc:empty, license:none"
zebinlu7-a11y/screen-flow-ai-agent,114,5,13,8.8,Python,,46,3,待檢視,"license:none, generic-name:screen-flow-ai-agent, topics:none"
igoruehara/spec-driven,115,35,3,38.3,JavaScript,MIT,0,3,待檢視,"desc:empty, topics:none"
twhsi/skills,108,16,6,18.0,Python,,47,3,待檢視,"license:none, generic-name:skills, topics:none"
rokudev/lt-sdk,112,3,26,4.3,C,MPL-2.0,0,3,待檢視,"desc:empty, topics:none"
Fennec-AI/agent-runtime,113,9,28,4.0,Python,,69,3,待檢視,"license:none, generic-name:agent-runtime, topics:none"
datawhalechina/quant-for-beginners,236,28,22,10.7,Jupyter Notebook,MIT,0,3,待檢視,"desc:empty, topics:none"
bozhouDev/14days-build-claude-code-cli,229,21,25,9.2,Python,MIT,14,3,待檢視,"desc:short, generic-name:14days-build-claude-code-cli, topics:none"
BJTUpupil/AscendFHE,229,10,28,8.2,C++,GPL-2.0,0,3,待檢視,"desc:empty, topics:none"
JasonLam08/cursor_agent_status_light,237,34,28,8.5,C++,,237,3,待檢視,"license:none, generic-name:cursor_agent_status_light, topics:none"
Oven320/Wolflens,131,1,25,5.2,Python,MIT,0,3,待檢視,"desc:empty, topics:none"
bozhouDev/codex-orange-book,129,16,1,129.0,HTML,,49,3,待檢視,"license:none, generic-name:codex-orange-book, topics:none"
EpicGames/OpenRigLogic,131,7,17,7.7,C++,MIT,0,3,待檢視,"desc:empty, topics:none"
ZadAnthony/serenity-skill,130,19,18,7.2,Unknown,,72,3,待檢視,"license:none, generic-name:serenity-skill, topics:none"
AbdelStark/awesome-jepa,130,5,13,10.0,CSS,,110,3,待檢視,"license:none, generic-name:awesome-jepa, topics:none"
YangyangQu/research-idea-scout,190,10,8,23.8,Python,MIT,0,3,待檢視,"desc:empty, topics:none"
jd-opensource/JoyAI-VL-Interaction,464,22,11,42.2,Python,Apache-2.0,0,3,待檢視,"desc:empty, topics:none"
yuu-ramsey/eastmoney-monthly,211,28,17,12.4,Python,MIT,0,3,待檢視,"desc:empty, topics:none"
kitlangton/terminal-control,222,9,23,9.7,Rust,MIT,0,3,待檢視,"desc:empty, topics:none"
fakerqwq/social-science-paper-writing-skill,109,3,21,5.2,Unknown,,220,3,待檢視,"license:none, generic-name:social-science-paper-writing-skill, topics:none"
yijiashu/serenity-skill,109,18,16,6.8,Python,,21,3,待檢視,"license:none, generic-name:serenity-skill, topics:none"
vannyben7/course-learning-workspace,180,3,22,8.2,Python,MIT,0,3,待檢視,"desc:empty, topics:none"
LING71671/open-reverselab,181,61,5,36.2,Python,GPL-3.0,0,3,待檢視,"desc:empty, topics:none"
senlindesign/taste-skill,168,15,29,5.8,JavaScript,,126,3,待檢視,"license:none, generic-name:taste-skill, topics:none"
shreyashankar/plain-writing-skill,169,7,7,24.1,HTML,,91,3,待檢視,"license:none, generic-name:plain-writing-skill, topics:none"
edengilbertus/terminalphone,110,4,27,4.1,Shell,MIT,0,3,待檢視,"desc:empty, topics:none"
yuyancloud/WebsiteList,110,0,12,9.2,Unknown,,8,3,待檢視,"desc:short, license:none, topics:none"
zq779/yuhutong,110,6,25,4.4,Python,MIT,0,3,待檢視,"desc:empty, topics:none"
macton/nagent,111,7,16,6.9,Python,MIT,0,3,待檢視,"desc:empty, topics:none"
xuxh21/ui-regression-recorder-skill,108,5,17,6.4,TypeScript,,25,3,待檢視,"license:none, generic-name:ui-regression-recorder-skill, topics:none"
CuzTeam/hm-rev,104,52,9,11.6,Python,NOASSERTION,10,3,待檢視,"desc:short, license:none, topics:none"
maka-agent/maka-agent,232,16,26,8.9,TypeScript,,39,3,待檢視,"license:none, generic-name:maka-agent, topics:none"
cellinlab/how-pi-agent-works,389,28,27,14.4,Unknown,MIT,14,3,待檢視,"desc:short, generic-name:how-pi-agent-works, topics:none"
mallexibra-dev/clipforge,129,28,2,64.5,Python,MIT,0,3,待檢視,"desc:empty, topics:none"
UruhaLushia/sparxie,127,7,26,4.9,Dart,GPL-3.0,0,3,待檢視,"desc:empty, topics:none"
HaozheZhao/Crafter,127,10,27,4.7,Python,MIT,0,3,待檢視,"desc:empty, topics:none"
Tansuo2021/ADtoKeil,129,11,15,8.6,Python,GPL-3.0,0,3,待檢視,"desc:empty, topics:none"
rednote-hilab/dots.tts,765,62,18,42.5,Python,Apache-2.0,0,3,待檢視,"desc:empty, topics:none"
mrwwk/DeskCraft,120,2,20,6.0,Python,Apache-2.0,0,3,待檢視,"desc:empty, topics:none"
lcbuaaliu/ai-jian-koubo,237,40,13,18.2,HTML,AGPL-3.0,0,3,待檢視,"desc:empty, topics:none"
wy51ai/edulab,543,109,18,30.2,HTML,Apache-2.0,0,3,待檢視,"desc:empty, topics:none"
Parcle-AI/parcle-memory,491,1,16,30.7,Python,MIT,0,3,待檢視,"desc:empty, topics:none"
tantara/openbrief,478,27,29,16.5,TypeScript,AGPL-3.0,0,3,待檢視,"desc:empty, topics:none"
lj1270998580-crypto/Agnes-help-skill,141,19,16,8.8,HTML,,120,3,待檢視,"license:none, generic-name:Agnes-help-skill, topics:none"
Plaer1/junction,526,8,5,105.2,TypeScript,MIT,47,3,待檢視,"low-forks:0.015, topics:none"
whchoi98/claude-code-workshop,107,37,26,4.1,Unknown,,20,3,待檢視,"license:none, generic-name:claude-code-workshop, topics:none"
AMAPVOICE/PilotTTS,186,16,27,6.9,Python,Apache-2.0,0,3,待檢視,"desc:empty, topics:none"
SunJaycy/GoldenEye-Recomp,614,24,10,61.4,C,Unlicense,0,3,待檢視,"desc:empty, topics:none"
laoshan-song/Awesome-LLM-Interview,124,6,25,5.0,HTML,,118,3,待檢視,"license:none, generic-name:Awesome-LLM-Interview, topics:none"
ahXN00/OwnTV,123,21,11,11.2,Kotlin,MIT,0,3,待檢視,"desc:empty, topics:none"
naomili0924/inference_driven_model_compiler,190,13,19,10.0,Python,MIT,0,3,待檢視,"desc:empty, topics:none"
ziqihe10-droid/xuefeng-agent,678,99,15,45.2,Python,NOASSERTION,24,3,待檢視,"license:none, generic-name:xuefeng-agent, topics:none"
margetrp-hub/gpt-account-manager,122,38,23,5.3,Python,,106,3,待檢視,"license:none, generic-name:gpt-account-manager, topics:none"
primitive-bench/primitive-bench,122,4,5,24.4,Python,Apache-2.0,0,3,待檢視,"desc:empty, topics:none"
shangsitongshizaitiantang/industry-resume-toolkit,123,2,23,5.3,Shell,NOASSERTION,86,3,待檢視,"license:none, generic-name:industry-resume-toolkit, topics:none"
paraschopra/make-pages-interactive,464,54,27,17.2,JavaScript,MIT,0,3,待檢視,"desc:empty, topics:none"
shrivatsav-0/monomail,107,7,11,9.7,Kotlin,GPL-3.0,0,3,待檢視,"desc:empty, topics:none"
nv-tlabs/ArtiFixer,185,11,18,10.3,Python,Apache-2.0,0,3,待檢視,"desc:empty, topics:none"
KyrieCheungYep/ky-design-to-html-skill,142,20,20,7.1,Python,,65,3,待檢視,"license:none, generic-name:ky-design-to-html-skill, topics:none"
edwardsanchez/Tinkerble,144,3,20,7.2,Swift,Apache-2.0,0,3,待檢視,"desc:empty, topics:none"
liominsb/Antigravity-Chinese-Localization,143,5,28,5.1,JavaScript,,15,3,待檢視,"desc:short, license:none, topics:none"
Sven-Mirana/sublation,143,0,24,6.0,Python,MIT,0,3,待檢視,"desc:empty, topics:none"
fayazara/macos-app-skills,595,14,26,22.9,Swift,,80,3,待檢視,"license:none, generic-name:macos-app-skills, topics:none"
zkeyoned/map-of-us-template,126,25,22,5.7,TypeScript,,71,3,待檢視,"license:none, generic-name:map-of-us-template, topics:none"
macton/differentiable-collisions-optc,126,10,6,21.0,C,MIT,0,3,待檢視,"desc:empty, topics:none"
boona13/glb-shrink,142,20,19,7.5,TypeScript,MIT,0,3,待檢視,"desc:empty, topics:none"
Kato-Shoko705/Phoebe-Hub,194,2,5,38.8,JavaScript,,18,3,待檢視,"desc:short, license:none, topics:none"
V0id-v2/Void-Tools-v2.0,2862,34,23,124.4,Python,,127,3,待檢視,"license:none, low-forks:0.012"
aapersh/strategy-skills-for-claude,201,72,27,7.4,Unknown,,268,3,待檢視,"license:none, generic-name:strategy-skills-for-claude, topics:none"
Jasionf/smart-home-button,194,8,18,10.8,C++,MIT,0,3,待檢視,"desc:empty, topics:none"
Marcos-wu/ai-agent-daily-mentor,117,4,19,6.2,Unknown,,24,3,待檢視,"license:none, generic-name:ai-agent-daily-mentor, topics:none"
unicity-astrid/book,4605,17,16,287.8,Perl,Apache-2.0,99,3,待檢視,"low-forks:0.004, topics:none"
unicity-astrid/handbook,4483,24,16,280.2,Unknown,Apache-2.0,122,3,待檢視,"low-forks:0.005, topics:none"
Gloridust/WechatOnCloud,3082,727,24,128.4,TypeScript,,14,3,待檢視,"desc:short, license:none, topics:none"
onfable/onfable,134,12,12,11.2,TypeScript,MIT,0,3,待檢視,"desc:empty, topics:none"
Michael-Manning/E-Paper-Climate-Logger,135,5,22,6.1,C++,MIT,0,3,待檢視,"desc:empty, topics:none"
cryingcheems/codex-team-oauth,135,70,6,22.5,Python,,36,3,待檢視,"license:none, generic-name:codex-team-oauth, topics:none"
asz798838958/GeniusFKoai,134,42,12,11.2,Python,AGPL-3.0,0,3,待檢視,"desc:empty, topics:none"
alexmcdonnell-airtable/hyperagent-public-skills,930,75,25,37.2,Unknown,,36,3,待檢視,"license:none, generic-name:hyperagent-public-skills, topics:none"
nanxiangxi/qssh,153,16,17,9.0,Vue,,26,2,訊號完整,"license:none, topics:none"
Yeachan-Heo/gajae-code,1082,143,27,40.1,TypeScript,MIT,14,2,訊號完整,"desc:short, topics:none"
GordenSun/GordenPPTSkill,2192,209,26,84.3,Python,NOASSERTION,239,2,訊號完整,"license:none, topics:none"
NoopApp/noop,1892,769,15,126.1,Swift,NOASSERTION,130,2,訊號完整,"license:none, topics:none"
lenucksi/aur-malware-check,1720,38,10,172.0,Python,,109,2,訊號完整,"license:none, topics:none"
jd-opensource/JoyAI-Echo,1652,149,20,82.6,Python,NOASSERTION,64,2,訊號完整,"license:none, topics:none"
luolangaga/tubatools,1403,36,28,50.1,C#,GPL-3.0,14,2,訊號完整,"desc:short, topics:none"
nubjs/nub,1392,13,19,73.3,Rust,MIT,35,2,訊號完整,low-forks:0.009
Tencent-Hunyuan/Hy-Embodied-0.5-VLA,152,12,10,15.2,Python,NOASSERTION,71,2,訊號完整,"license:none, topics:none"
frtghyujkiolsas-lab/ai-sdd,152,2,5,30.4,TypeScript,,127,2,訊號完整,"license:none, topics:none"
sautrikroy17/DSA-Interview-Playbook,152,12,20,7.6,Unknown,,49,2,訊號完整,"license:none, topics:none"
portingpete/skate3-recomp,151,4,26,5.8,C,NOASSERTION,127,2,訊號完整,"license:none, topics:none"
prdgmshift/usbliter8,967,106,19,50.9,C,,28,2,訊號完整,"license:none, topics:none"
ziyuwowo/safegate,136,7,29,4.7,Python,NOASSERTION,55,2,訊號完整,"license:none, topics:none"
pricklywiggles/niamos,134,11,29,4.6,Python,,46,2,訊號完整,"license:none, topics:none"
b-nnett/goose,2595,643,20,129.8,Rust,,35,2,訊號完整,"license:none, topics:none"
destiny520537work-lab/fate-skill,115,20,10,11.5,Unknown,MIT,40,2,訊號完整,"generic-name:fate-skill, topics:none"
Shivambansal96/VCE_Hyd,115,0,21,5.5,Java,,46,2,訊號完整,"license:none, topics:none"
vikingmute/review-forge,115,9,24,4.8,Unknown,,78,2,訊號完整,"license:none, topics:none"
Mochocyang/QMAI,557,109,22,25.3,TypeScript,,39,2,訊號完整,"license:none, topics:none"
ziguishian/xhs-visual-director-skill,557,62,24,23.2,Unknown,MIT,103,2,訊號完整,"generic-name:xhs-visual-director-skill, topics:none"
fguzman82/gateGPT,552,92,10,55.2,Verilog,,112,2,訊號完整,"license:none, topics:none"
superagents-lab/xcode27-skills,103,5,13,7.9,Python,,161,2,訊號完整,"license:none, generic-name:xcode27-skills"
xiaojianbang8888/xiaojianbang-stealth-hook,193,101,23,8.4,C,,55,2,訊號完整,"license:none, topics:none"
SmartSunruiyang/Agent-development-specification,193,0,21,9.2,Python,MIT,80,2,訊號完整,"generic-name:Agent-development-specification, topics:none"
panggungunvibe/atutun-xhs-cover,192,28,23,8.3,Unknown,,21,2,訊號完整,"license:none, topics:none"
bingook/bingo,192,21,10,19.2,Python,,62,2,訊號完整,"license:none, topics:none"
taisly/agent,198,0,11,18.0,JavaScript,MIT,96,2,訊號完整,"generic-name:agent, topics:none"
nv-tlabs/Gamma-World,637,10,28,22.8,Python,Apache-2.0,87,2,訊號完整,low-forks:0.016
M1n-n9/paper-lifecycle,142,8,7,20.3,Unknown,,67,2,訊號完整,"license:none, topics:none"
AGI-is-going-to-arrive/workflow-cookbook,142,17,29,4.9,HTML,MIT,238,2,訊號完整,"generic-name:workflow-cookbook, topics:none"
duolahypercho/andrej-karpathy-skills,125,12,29,4.3,Unknown,MIT,68,2,訊號完整,"generic-name:andrej-karpathy-skills, topics:none"
flatkey-ai/awesome-images,124,0,4,31.0,JavaScript,,89,2,訊號完整,"license:none, generic-name:awesome-images"
XiaokunFeng/MIGA,124,0,25,5.0,Python,,22,2,訊號完整,"license:none, topics:none"
wangbh030722/vibe-nothing-ui-design,123,1,12,10.2,HTML,NOASSERTION,146,2,訊號完整,"license:none, generic-name:vibe-nothing-ui-design"
Owlinkai/redroom,123,30,12,10.2,TypeScript,NOASSERTION,56,2,訊號完整,"license:none, topics:none"
QwenLM/Qwen-VLA,633,25,25,25.3,Unknown,,35,2,訊號完整,"license:none, topics:none"
Yacey/agnes-ai-generation-skill,208,33,21,9.9,Python,MIT,64,2,訊號完整,"generic-name:agnes-ai-generation-skill, topics:none"
lorettawillow-lele/yozu-web,207,14,20,10.3,TypeScript,NOASSERTION,167,2,訊號完整,"license:none, topics:none"
qian-gugugaga/Character_Skill_Producer,206,2,23,9.0,Python,MIT,80,2,訊號完整,"generic-name:Character_Skill_Producer, topics:none"
Rocke1001feller/miaosha-GLM,205,69,23,8.9,Svelte,,22,2,訊號完整,"license:none, topics:none"
JuneYaooo/lineage-skill,205,36,21,9.8,Python,NOASSERTION,77,2,訊號完整,"license:none, generic-name:lineage-skill"
Kevin100202/Rocket-Design-and-Manufacturing-Automation-Program-from-Shenzhen22highschool,205,0,23,8.9,TypeScript,,62,2,訊號完整,"license:none, topics:none"
Nintoryan/all-dpi-bypass-travel,190,10,10,19.0,Unknown,,124,2,訊號完整,"license:none, topics:none"
aa2448208027-code/LocalAIHotSwap,103,2,21,4.9,Python,,92,2,訊號完整,"license:none, topics:none"
577206/knowledge-forge,103,11,18,5.7,JavaScript,,92,2,訊號完整,"license:none, topics:none"
OpenSharing-IO/OpenSharing,123,10,12,10.2,Unknown,Apache-2.0,11,2,訊號完整,"desc:short, topics:none"
Elfocrash/skills,122,18,17,7.2,Unknown,MIT,38,2,訊號完整,"generic-name:skills, topics:none"
T2HASH/T2HASH-CORE,106,53,9,11.8,Assembly,,159,2,訊號完整,"license:none, topics:none"
WUBING2023/ExamPass-Assistant,682,51,23,29.7,Python,NOASSERTION,89,2,訊號完整,"license:none, topics:none"
SheikhSheave/Claude-Code-CLI-Reference,204,0,15,13.6,Unknown,NOASSERTION,323,2,訊號完整,"license:none, generic-name:Claude-Code-CLI-Reference"
YMX899/MemoryCloud,203,15,16,12.7,Python,NOASSERTION,280,2,訊號完整,"license:none, topics:none"
majidmanzarpour/threejs-game-skills,470,53,8,58.8,Python,MIT,165,2,訊號完整,"generic-name:threejs-game-skills, topics:none"
mrtooher/fable-mode,543,59,9,60.3,Unknown,,135,2,訊號完整,"license:none, topics:none"
visa/visa-vulnerability-agentic-harness,536,90,17,31.5,Python,NOASSERTION,34,2,訊號完整,"license:none, topics:none"
jwangkun/claude-for-financial-services-cn,535,78,15,35.7,Python,Apache-2.0,93,2,訊號完整,"generic-name:claude-for-financial-services-cn, topics:none"
IvanSobolev/Neo3dEngine,515,5,16,32.2,C#,GPL-3.0,229,2,訊號完整,low-forks:0.010
bioMate-AI/biomate-bioconductor-kb,505,57,26,19.4,Python,NOASSERTION,163,2,訊號完整,"license:none, topics:none"
huilang-me/CF-Server-Monitor,496,348,27,18.4,JavaScript,,129,2,訊號完整,"license:none, topics:none"
XBuilderLAB/cheat-on-money,437,55,14,31.2,JavaScript,,61,2,訊號完整,"license:none, topics:none"
MoonTechLab/Selene-TV,488,61,28,17.4,Unknown,,55,2,訊號完整,"license:none, topics:none"
LearnPrompt/luban-skill,479,85,11,43.5,Shell,MIT,96,2,訊號完整,"generic-name:luban-skill, topics:none"
mikubaka88/CCFA-Skills,479,37,18,26.6,TeX,MIT,66,2,訊號完整,"generic-name:CCFA-Skills, topics:none"
ernie-research/NAVA,201,23,28,7.2,Python,,68,2,訊號完整,"license:none, topics:none"
yashmulgaonkar/FlightScnr,140,13,16,8.8,C,NOASSERTION,65,2,訊號完整,"license:none, topics:none"
qiayue/Twitter-Trend-Radar,140,41,4,35.0,HTML,MIT,19,2,訊號完整,"desc:short, topics:none"
xqnode/codex-helper,139,1,19,7.3,Rust,NOASSERTION,109,2,訊號完整,"license:none, generic-name:codex-helper"
ziyuwowo/trust-eval-mm,139,8,29,4.8,Python,NOASSERTION,64,2,訊號完整,"license:none, topics:none"
arnabbagxd/Brand-building-skills,212,22,11,19.3,Shell,MIT,132,2,訊號完整,"generic-name:Brand-building-skills, topics:none"
Forlives/pearl-proxy-release,127,47,22,5.8,Shell,,51,2,訊號完整,"license:none, topics:none"
cloudflare/security-audit-skill,428,34,4,107.0,JavaScript,MIT,107,2,訊號完整,"generic-name:security-audit-skill, topics:none"
dsta022/lerobot-rgb-rgbd-vla-dataset-toolkit,423,89,23,18.4,Python,MIT,102,2,訊號完整,"generic-name:lerobot-rgb-rgbd-vla-dataset-toolkit, topics:none"
sediman-agent/OpenSkynet,423,47,25,16.9,TypeScript,NOASSERTION,20,2,訊號完整,"license:none, topics:none"
kennethkhoocy/lit-review-orchestrator,178,13,7,25.4,Python,,150,2,訊號完整,"license:none, topics:none"
Aerdelan/MirrorNovel,175,13,29,6.0,JavaScript,,88,2,訊號完整,"license:none, topics:none"
TradingAi666/worldcup2026-prediction-skill,187,30,11,17.0,Unknown,MIT,107,2,訊號完整,"generic-name:worldcup2026-prediction-skill, topics:none"
jin-zi-xuan/kaobuddy-pwa,191,29,23,8.3,TypeScript,,12,2,訊號完整,"desc:short, license:none"
zhlmi/script-forging,191,17,17,11.2,HTML,,32,2,訊號完整,"license:none, topics:none"
AIScientists-Dev/Caliper,190,32,14,13.6,HTML,NOASSERTION,117,2,訊號完整,"license:none, topics:none"
https-deeplearning-ai/deeplearning-ai,422,57,26,16.2,Python,,69,2,訊號完整,"license:none, topics:none"
andrewmccalip/kickbacks.ai,450,84,21,21.4,TypeScript,NOASSERTION,166,2,訊號完整,"license:none, topics:none"
DannyMac180/skills,445,35,24,18.5,Python,MIT,42,2,訊號完整,"generic-name:skills, topics:none"
anthropics/launch-your-agent,442,91,6,73.7,HTML,Apache-2.0,167,2,訊號完整,"generic-name:launch-your-agent, topics:none"
oalanicolas/claude-design-premium,212,54,8,26.5,JavaScript,MIT,52,2,訊號完整,"generic-name:claude-design-premium, topics:none"
taoufik123-collab/claude-watch,211,49,28,7.5,Python,MIT,162,2,訊號完整,"generic-name:claude-watch, topics:none"
synacktiv/DCOMIllusionist,224,23,11,20.4,C#,,83,2,訊號完整,"license:none, topics:none"
giulioz/mmo-chip,106,5,17,6.2,TypeScript,,61,2,訊號完整,"license:none, topics:none"
xiaweiyi713/struct-viz,106,3,27,3.9,TypeScript,,43,2,訊號完整,"license:none, topics:none"
anousss007/blatui,106,0,24,4.4,Blade,NOASSERTION,105,2,訊號完整,"license:none, topics:none"
YanpengQi7/ai-reliability-copilot,106,0,28,3.8,TypeScript,,186,2,訊號完整,"license:none, generic-name:ai-reliability-copilot"
m1ckc3s/claude-status-bar,109,8,1,109.0,Swift,MIT,112,2,訊號完整,"generic-name:claude-status-bar, topics:none"
aisparkedu/knowledge-base,108,20,14,7.7,Unknown,,73,2,訊號完整,"license:none, topics:none"
maoshanwen/ai_coding_projects,105,0,8,13.1,Unknown,,67,2,訊號完整,"license:none, topics:none"
0Antique/Auto-Visio-Helper,105,4,17,6.2,Python,,70,2,訊號完整,"license:none, topics:none"
OnlyTerp/prompt-cache-skills,104,7,25,4.2,Python,NOASSERTION,129,2,訊號完整,"license:none, generic-name:prompt-cache-skills"
soapantelope/mindcraft,108,2,20,5.4,Java,,45,2,訊號完整,"license:none, topics:none"
anosu/AbyssMod,111,4,10,11.1,C#,MIT,8,2,訊號完整,"desc:short, topics:none"
WhiteNightShadow/firefox-reverse,111,23,18,6.2,JavaScript,,101,2,訊號完整,"license:none, topics:none"
Jason904/ui-skill-lab,111,5,14,7.9,Python,MIT,98,2,訊號完整,"generic-name:ui-skill-lab, topics:none"
juew/Skill-Routing-Kit,170,9,19,8.9,Python,MIT,75,2,訊號完整,"generic-name:Skill-Routing-Kit, topics:none"
GU-Cryptography/anykb,170,7,28,6.1,Python,,29,2,訊號完整,"license:none, topics:none"
jtydhr88/ComfyTV,169,14,18,9.4,JavaScript,,61,2,訊號完整,"license:none, topics:none"
chengtx007/fuckoai,169,79,15,11.3,Python,,42,2,訊號完整,"license:none, topics:none"
learnwithu/mingli-master,392,55,20,19.6,Python,,46,2,訊號完整,"license:none, topics:none"
Gulfsistable/codex-cursor-unlimited,388,0,15,25.9,Unknown,,160,2,訊號完整,"license:none, generic-name:codex-cursor-unlimited"
enderzcx/pi-docs-playbook,128,11,20,6.4,Unknown,,78,2,訊號完整,"license:none, topics:none"
lbq110/weread-exporter,220,54,17,12.9,Python,,56,2,訊號完整,"license:none, topics:none"
SumrainChan/parrot-ops,217,6,26,8.3,Python,,72,2,訊號完整,"license:none, topics:none"
Braffolk/fable5-world-demo,215,27,10,21.5,TypeScript,MIT,72,2,訊號完整,"generic-name:fable5-world-demo, topics:none"
rstagit/rstaspoof,229,32,22,10.4,Go,,63,2,訊號完整,"license:none, topics:none"
KeyAI/calculusmadeeasy-zh,370,19,28,13.2,HTML,NOASSERTION,28,2,訊號完整,"license:none, topics:none"
yaog6700-bit/Swell-Proxy,364,14,26,14.0,C#,,14,2,訊號完整,"desc:short, license:none"
wizenheimer/canary,408,30,19,21.5,TypeScript,NOASSERTION,120,2,訊號完整,"license:none, topics:none"
realrossmanngroup/no_ai_slop_writing_rules,400,50,28,14.3,Unknown,,107,2,訊號完整,"license:none, topics:none"
cellebrite-labs/ghidra-rpc,228,15,18,12.7,Python,,43,2,訊號完整,"license:none, topics:none"
yejy53/GenClaw,227,2,25,9.1,Unknown,,45,2,訊號完整,"license:none, topics:none"
modelscope/Awesome-Vibe-Research,224,12,10,22.4,Python,Apache-2.0,259,2,訊號完整,"generic-name:Awesome-Vibe-Research, topics:none"
IO-ZetZor/Visor-BootManager,238,3,9,26.4,C,,107,2,訊號完整,"license:none, topics:none"
bernardohcrocha/persistia-for-claude-code,238,0,23,10.3,HTML,MIT,97,2,訊號完整,"generic-name:persistia-for-claude-code, topics:none"
WinnieLV/bc250-cu-live-manager,110,5,28,3.9,Shell,,113,2,訊號完整,"license:none, topics:none"
soumyagrawall/CMS,113,0,26,4.3,JavaScript,,37,2,訊號完整,"license:none, topics:none"
juma-sayeh/PS5-Game-Compressor,112,6,16,7.0,C,,106,2,訊號完整,"license:none, topics:none"
goehou/tabbit-toy,112,323,1,112.0,JavaScript,,82,2,訊號完整,"license:none, topics:none"
Gach0ng/AgentStalker,112,1,4,28.0,Python,,279,2,訊號完整,"license:none, topics:none"
yin-yizhen/sonic-topography,147,27,4,36.8,TypeScript,NOASSERTION,21,2,訊號完整,"license:none, topics:none"
dama-cyber/Distilled-Novel-Toolbox,147,38,26,5.7,Unknown,,38,2,訊號完整,"license:none, topics:none"
nekocode/filetree-skill,146,8,27,5.4,Python,,50,2,訊號完整,"license:none, generic-name:filetree-skill"
DenisSergeevitch/pole-chudes-2,145,5,10,14.5,TypeScript,NOASSERTION,165,2,訊號完整,"license:none, topics:none"
worenbudaoni/rag-study-helper,172,38,16,10.8,Java,MIT,16,2,訊號完整,"desc:short, topics:none"
StephenDev0/StikPair,108,5,4,27.0,Swift,NOASSERTION,63,2,訊號完整,"license:none, topics:none"
ziyuwowo/mllm-jailbreak-bench,236,49,29,8.1,Python,NOASSERTION,82,2,訊號完整,"license:none, topics:none"
nv-tlabs/dvlt,341,14,23,14.8,Python,NOASSERTION,91,2,訊號完整,"license:none, topics:none"
ufy2024/AuC,131,5,18,7.3,Python,MIT,15,2,訊號完整,"desc:short, topics:none"
justxor/linuxfullroadmap,129,22,16,8.1,Shell,,60,2,訊號完整,"license:none, topics:none"
orange2ai/orange-line-illustration,323,24,12,26.9,Unknown,NOASSERTION,177,2,訊號完整,"license:none, topics:none"
johnsoncodehk/monogram,121,4,26,4.7,TypeScript,,65,2,訊號完整,"license:none, topics:none"
FanPUYen/deep-reading-coach,121,0,18,6.7,Python,,45,2,訊號完整,"license:none, topics:none"
cdmorozov/claude-tutors,120,8,22,5.5,Unknown,MIT,146,2,訊號完整,"generic-name:claude-tutors, topics:none"
Zafer-Liu/Agent_Manager,161,31,17,9.5,TypeScript,Apache-2.0,106,2,訊號完整,"generic-name:Agent_Manager, topics:none"
H-ing-1/rCore-OS,161,11,29,5.6,Rust,MIT,19,2,訊號完整,"desc:short, topics:none"
ddlost666/awesome-china-accelerator,160,5,27,5.9,Unknown,MIT,85,2,訊號完整,"generic-name:awesome-china-accelerator, topics:none"
thisishowen-spec/eatlah,167,21,17,9.8,TypeScript,,131,2,訊號完整,"license:none, topics:none"
ganbo-gab/open-storyboard-canvas,167,32,22,7.6,TypeScript,NOASSERTION,43,2,訊號完整,"license:none, topics:none"
thillygooth/questboard,165,25,29,5.7,JavaScript,NOASSERTION,317,2,訊號完整,"license:none, topics:none"
Mr-Un1k0d3r/AzureRedOps,165,15,19,8.7,Python,,101,2,訊號完整,"license:none, topics:none"
amap-cvlab/ABot-Earth-0.5,164,10,14,11.7,Unknown,,39,2,訊號完整,"license:none, topics:none"
facebookresearch/meshflow,321,19,26,12.3,Python,NOASSERTION,232,2,訊號完整,"license:none, topics:none"
imcuttle/flipbook-app,314,21,25,12.6,JavaScript,,216,2,訊號完整,"license:none, topics:none"
yan-labs/serenity-aleabitoreddit,349,54,28,12.5,Python,,121,2,訊號完整,"license:none, topics:none"
liuluhaixiu/DaVinci-AutoEdit-Agent,234,37,10,23.4,Python,MIT,46,2,訊號完整,"generic-name:DaVinci-AutoEdit-Agent, topics:none"
xiongqi123123/awesome-rebuttal,233,7,24,9.7,TeX,MIT,20,2,訊號完整,"generic-name:awesome-rebuttal, topics:none"
qqxpee/antigravity2-cn,137,9,24,5.7,JavaScript,,148,2,訊號完整,"license:none, topics:none"
prs-eth/PaGeR,137,10,27,5.1,Python,NOASSERTION,78,2,訊號完整,"license:none, topics:none"
ShirleyMaxx/REST3D,163,12,25,6.5,Unknown,,95,2,訊號完整,"license:none, topics:none"
TryHarder-L/NiniMenu,162,25,17,9.5,Go,,36,2,訊號完整,"license:none, topics:none"
alchaincyf/loop-engineering-orange-book,759,65,7,108.4,Unknown,NOASSERTION,101,2,訊號完整,"license:none, topics:none"
joeseesun/qiaomu-goal-meta-skill,708,54,11,64.4,Python,MIT,150,2,訊號完整,"generic-name:qiaomu-goal-meta-skill, topics:none"
orange2ai/renwei-writing,849,76,10,84.9,Unknown,NOASSERTION,85,2,訊號完整,"license:none, topics:none"
jeff141/meatshell,807,93,18,44.8,Rust,,73,2,訊號完整,"license:none, topics:none"
lyra81604/zhengxi-views,789,92,2,394.5,Python,NOASSERTION,121,2,訊號完整,"license:none, overnight-surge:394/day"
NoizAI/AudioX-Turbo,136,27,10,13.6,Python,NOASSERTION,73,2,訊號完整,"license:none, topics:none"
chaos-xxl/zelda-hyrule-ui,303,34,27,11.2,HTML,NOASSERTION,150,2,訊號完整,"license:none, topics:none"
madhvantyagi/SOUL.md,296,22,25,11.8,Python,,132,2,訊號完整,"license:none, topics:none"
Ryderwe/Sollin-Music-Desktop,132,14,14,9.4,TypeScript,MIT,0,2,訊號完整,desc:empty
rebecha1227-a11y/CareerForge,132,17,15,8.8,HTML,,33,2,訊號完整,"license:none, topics:none"
AriPath/AriMando,132,14,28,4.7,Python,,266,2,訊號完整,"license:none, topics:none"
pengjunchi0/codex-visio-paper-figure-skill,248,13,25,9.9,PowerShell,,59,2,訊號完整,"license:none, generic-name:codex-visio-paper-figure-skill"
FeijiangHan/PaperForge,242,16,7,34.6,Unknown,,165,2,訊號完整,"license:none, topics:none"
nevertoday/100-layout-compositions,242,35,28,8.6,Unknown,NOASSERTION,65,2,訊號完整,"license:none, topics:none"
AutoArk/open-audio-opd,241,16,28,8.6,Python,NOASSERTION,145,2,訊號完整,"license:none, topics:none"
Shawn-CodeDev/Awesome-Consistency-Diffusion-Visual-Generation,257,4,28,9.2,TeX,MIT,58,2,訊號完整,"generic-name:Awesome-Consistency-Diffusion-Visual-Generation, topics:none"
liangjie1999/ClipGStream,148,5,24,6.2,HTML,,125,2,訊號完整,"license:none, topics:none"
K07VN/capcut-tts-api,148,90,17,8.7,Python,,20,2,訊號完整,"license:none, topics:none"
jerryxugit-2026/Ziyang-Vocab-Master,148,10,25,5.9,HTML,,79,2,訊號完整,"license:none, topics:none"
eli-labz/Third-Eye,770,12,9,85.6,TypeScript,MIT,107,2,訊號完整,low-forks:0.016
kangarooking/agnes-free-model-skills,119,13,21,5.7,Python,MIT,41,2,訊號完整,"generic-name:agnes-free-model-skills, topics:none"
liyueyuan123/llm-api-gateway,118,0,14,8.4,Python,MIT,109,2,訊號完整,"generic-name:llm-api-gateway, topics:none"
tutti-os/tutti,117,9,10,11.7,TypeScript,Apache-2.0,5,2,訊號完整,"desc:short, topics:none"
abgcto/hey-claude,160,18,21,7.6,Swift,GPL-3.0,93,2,訊號完整,"generic-name:hey-claude, topics:none"
zlab-princeton/i1,159,10,28,5.7,Python,,85,2,訊號完整,"license:none, topics:none"
louisfb01/start-ai-engineering,159,20,18,8.8,Unknown,,173,2,訊號完整,"license:none, topics:none"
JCarterJohnson/vibecoded-design-tells,158,12,6,26.3,Python,NOASSERTION,151,2,訊號完整,"license:none, topics:none"
canwhite/AgentEval,291,5,28,10.4,Rust,,57,2,訊號完整,"license:none, topics:none"
Insta360-Research-Team/UniSHARP,290,21,19,15.3,Python,NOASSERTION,77,2,訊號完整,"license:none, topics:none"
GalaxyGeneralRobotics/Humanoid-GPT,312,23,19,16.4,Python,Apache-2.0,82,2,訊號完整,"generic-name:Humanoid-GPT, topics:none"
eooce/transfer-api,308,1421,3,102.7,JavaScript,,84,2,訊號完整,"license:none, topics:none"
facebookresearch/atlas-lean,250,28,27,9.3,Lean,NOASSERTION,46,2,訊號完整,"license:none, topics:none"
Open-Builders/Fourmeme-Pancake-bnb-bsc-stealth-trading-volume-bot,262,298,11,23.8,TypeScript,,121,2,訊號完整,"license:none, topics:none"
AITabby/opencodex,262,12,24,10.9,TypeScript,,74,2,訊號完整,"license:none, topics:none"
CWS6206/ai-coding-starter-kit,261,22,17,15.4,Unknown,GPL-3.0,140,2,訊號完整,"generic-name:ai-coding-starter-kit, topics:none"
baidu/Unlimited-OCR,1247,87,4,311.8,Python,MIT,70,2,訊號完整,"overnight-surge:312/day, topics:none"
mysk-research/loupe,1198,42,18,66.6,Swift,NOASSERTION,78,2,訊號完整,"license:none, topics:none"
baoweise-bot/aimili-vpngate,1163,402,28,41.5,Python,NOASSERTION,49,2,訊號完整,"license:none, topics:none"
GordenSun/GordenSuperPPTSkills,1141,107,15,76.1,Python,,69,2,訊號完整,"license:none, topics:none"
xiao-chen-ai/seeking-stars,155,8,24,6.5,Unknown,NOASSERTION,22,2,訊號完整,"license:none, topics:none"
impengpong/jitou,157,1,20,7.8,Unknown,,22,2,訊號完整,"license:none, topics:none"
nicolastinger/only-talk-rs,150,2,14,10.7,Rust,MIT,10,2,訊號完整,"desc:short, topics:none"
LichAmnesia/awesome-ad-video-prompts,149,7,6,24.8,JavaScript,NOASSERTION,120,2,訊號完整,"license:none, generic-name:awesome-ad-video-prompts"
mudler/locate-anything.cpp,133,8,12,11.1,C++,NOASSERTION,40,2,訊號完整,"license:none, topics:none"
eversinc33/MogVMP,274,19,22,12.5,C++,,133,2,訊號完整,"license:none, topics:none"
Anttwo/Surflo,260,7,14,18.6,Unknown,,86,2,訊號完整,"license:none, topics:none"
adamallcock/codex-chatgpt-control,259,19,16,16.2,JavaScript,MIT,72,2,訊號完整,"generic-name:codex-chatgpt-control, topics:none"
WhiteDNS/WhiteDNS-Wizard,273,22,17,16.1,Go,,203,2,訊號完整,"license:none, topics:none"
athcagithub/SlideSmith,271,73,11,24.6,TypeScript,NOASSERTION,26,2,訊號完整,"license:none, topics:none"
haoz19/world-tracing,270,21,29,9.3,Python,NOASSERTION,120,2,訊號完整,"license:none, topics:none"
TwoSevenOneT/EDRChoker,264,45,15,17.6,C#,,126,2,訊號完整,"license:none, topics:none"
baibanbao/x-made-easy-skill,154,16,11,14.0,Unknown,MIT,64,2,訊號完整,"generic-name:x-made-easy-skill, topics:none"
canwhite/MicroRAG,117,5,14,8.4,Python,,33,2,訊號完整,"license:none, topics:none"
nader0913/ocpp-rag,114,4,13,8.8,Python,NOASSERTION,86,2,訊號完整,"license:none, topics:none"
BohemiaInteractive/CWR,115,24,1,115.0,C++,NOASSERTION,57,2,訊號完整,"license:none, topics:none"
jwangkun/Pi-Multi-Agent,116,22,23,5.0,TypeScript,MIT,52,2,訊號完整,"generic-name:Pi-Multi-Agent, topics:none"
maowuzz/chatgpt-session-forge,116,30,29,4.0,JavaScript,,103,2,訊號完整,"license:none, topics:none"
AprilNEA/OpenLogi,5251,100,29,181.1,Rust,Apache-2.0,150,2,訊號完整,low-forks:0.019
justxor/pythonroamap2026,114,17,28,4.1,Python,,59,2,訊號完整,"license:none, topics:none"
anvia-hq/lexa,113,5,20,5.7,Rust,MIT,181,1,訊號完整,topics:none
nv-tlabs/wosx,114,6,20,5.7,C++,Apache-2.0,94,1,訊號完整,topics:none
shadcn/improve,6016,241,12,501.3,Unknown,MIT,97,1,訊號完整,topics:none
arenascats/MarukoToolbox-Rewrite,116,7,29,4.0,Python,Apache-2.0,255,1,訊號完整,topics:none
ace-trump-tech/DeltaForce-OBS-Locker,1392,1268,27,51.6,Unknown,,196,1,訊號完整,license:none
loc567/loc567,1336,181,11,121.5,C,LGPL-2.1,56,1,訊號完整,topics:none
Rajaniraiyn/jzon-rs,117,3,8,14.6,Rust,MIT,70,1,訊號完整,topics:none
ahmedkhan1/ngx-ai-devtools,153,150,7,21.9,TypeScript,MIT,182,1,訊號完整,topics:none
apphane-dev/nehir,152,5,23,6.6,Swift,GPL-2.0,41,1,訊號完整,topics:none
anousss007/laravel-vigilance,152,6,8,19.0,PHP,MIT,181,1,訊號完整,topics:none
tommy0103/obelisk,152,4,24,6.3,JavaScript,AGPL-3.0,87,1,訊號完整,topics:none
marufboy/007-First-Light-Trainer-And-Optimizer_v_2,152,0,1,152.0,Python,MIT,183,1,訊號完整,topics:none
The-Young-Swag/Resident-Evil-Requiem-Ultimate-Trainer-2026_v_2,152,0,1,152.0,Python,MIT,128,1,訊號完整,topics:none
encrypted-spaces/prototype,152,8,11,13.8,Rust,Apache-2.0,111,1,訊號完整,topics:none
dfra9/Resident-Evil-Requiem-Ultimate-Trainer-2026_v_2,151,0,1,151.0,Python,MIT,128,1,訊號完整,topics:none
Danu-Nur/Resident-Evil-Requiem-Ultimate-Trainer-2026_v_2,151,0,1,151.0,Python,MIT,128,1,訊號完整,topics:none
The-Young-Swag/007-First-Light-Trainer-And-Optimizer_v_2,151,0,1,151.0,Python,MIT,183,1,訊號完整,topics:none
muneeb1097m/Resident-Evil-Requiem-Ultimate-Trainer-2026_v_2,156,0,1,156.0,Python,MIT,128,1,訊號完整,topics:none
britcruise9/GrowBot,156,15,18,8.7,Python,NOASSERTION,74,1,訊號完整,license:none
Albert-Weasker/niubi_guard,898,145,19,47.3,TypeScript,NOASSERTION,66,1,訊號完整,license:none
HKUDS/AgentSpace,279,27,1,279.0,TypeScript,Apache-2.0,53,1,訊號完整,topics:none
Joyi-code/DeepSeekMonitorWindows,277,22,16,17.3,TypeScript,MIT,89,1,訊號完整,topics:none
pulkitxm/claude-directory,277,62,12,23.1,HTML,MIT,187,1,訊號完整,generic-name:claude-directory
hieunc229/mailflare,273,43,27,10.1,TypeScript,NOASSERTION,51,1,訊號完整,license:none
ale2348/trading-bot,293,209,11,26.6,TypeScript,,348,1,訊號完整,license:none
ni5arga/deanonymizer,292,85,20,14.6,TypeScript,,81,1,訊號完整,license:none
arinltte/latte,291,20,21,13.9,Swift,MIT,23,1,訊號完整,topics:none
Rvosy/Sakura,259,14,25,10.4,Python,MIT,59,1,訊號完整,topics:none
huaiyuechusan/YanAI,258,71,28,9.2,Python,MIT,24,1,訊號完整,topics:none
quarqlabs/argus,258,26,29,8.9,Python,Apache-2.0,162,1,訊號完整,topics:none
portbuster1337/ArachneC2,272,45,20,13.6,Go,,42,1,訊號完整,license:none
AI272/speaker,269,10,19,14.2,Python,,287,1,訊號完整,license:none
trynullsec/nullsec-s1,269,72,25,10.8,Python,,65,1,訊號完整,license:none
SMCGames/Paper-Mario-ReCut,266,6,29,9.2,C++,MIT,32,1,訊號完整,topics:none
NVlabs/SpatialClaw,266,23,12,22.2,Python,NOASSERTION,70,1,訊號完整,license:none
chen2he/orange-cloud,265,30,10,26.5,Swift,NOASSERTION,165,1,訊號完整,license:none
zengxiao-he/tessera,310,4,17,18.2,Python,NOASSERTION,232,1,訊號完整,license:none
chaxiu/munk-ai,309,29,25,12.4,Python,Apache-2.0,62,1,訊號完整,topics:none
fendouai/best-humanizer-handbook,309,4,7,44.1,Unknown,MIT,113,1,訊號完整,topics:none
rotejin/tomari-guruguru,306,50,8,38.2,JavaScript,MIT,31,1,訊號完整,topics:none
ApodexAI/AgentHarness,254,24,15,16.9,Python,Apache-2.0,69,1,訊號完整,topics:none
anthonycaccese/240-MP,254,18,20,12.7,QML,GPL-3.0,117,1,訊號完整,topics:none
abhinand5/pi-setup,253,31,16,15.8,TypeScript,,30,1,訊號完整,license:none
CYC2002tommy/Deep-Research-Agent,250,28,13,19.2,JavaScript,MIT,183,1,訊號完整,generic-name:Deep-Research-Agent
jake-stewart/tuie,262,15,29,9.0,Rust,MIT,40,1,訊號完整,topics:none
OLmatter/glm-coding-helper,262,63,28,9.4,JavaScript,GPL-3.0,82,1,訊號完整,topics:none
Health-Yang/MineEcho,261,26,25,10.4,TypeScript,NOASSERTION,135,1,訊號完整,license:none
weicj/vLLM-2080Ti-Definitive,260,35,20,13.0,Python,Apache-2.0,164,1,訊號完整,topics:none
zonghaoyuan/infiplot,286,46,20,14.3,TypeScript,AGPL-3.0,140,1,訊號完整,topics:none
GoDiao/dreamcoder,282,18,27,10.4,TypeScript,MIT,64,1,訊號完整,topics:none
Voxybuns/at-icons,281,3,27,10.4,HTML,MIT,40,1,訊號完整,topics:none
rccyx/thyx,280,7,8,35.0,QML,MIT,119,1,訊號完整,topics:none
clarilayer/clarilayer,132,3,14,9.4,TypeScript,NOASSERTION,143,1,訊號完整,license:none
mai-yyy/multi-llm-mcp,132,1,24,5.5,Python,MIT,69,1,訊號完整,generic-name:multi-llm-mcp
MstKail/wc2026-crypto-sportsbook,330,1299,3,110.0,TypeScript,,272,1,訊號完整,license:none
openai/role-specific-plugins,326,44,20,16.3,Python,MIT,36,1,訊號完整,topics:none
liconstudio/ComfyUI-Licon-MSR,250,14,22,11.4,Python,MIT,91,1,訊號完整,topics:none
PapaBorscht/Notify,250,18,19,13.2,Python,GPL-3.0,75,1,訊號完整,topics:none
r3xmax/PhantomCtx,239,39,6,39.8,C,Apache-2.0,41,1,訊號完整,topics:none
cPilot-GUI/Amis,239,5,29,8.2,TypeScript,AGPL-3.0,113,1,訊號完整,topics:none
hustvl/Moebius,257,19,6,42.8,Python,Apache-2.0,91,1,訊號完整,topics:none
FoundZiGu/SMSBazaar,255,36,26,9.8,JavaScript,MIT,29,1,訊號完整,topics:none
Liunian06/ko-lesson,255,5,6,42.5,Unknown,MIT,32,1,訊號完整,topics:none
Jeidoban/Ironsmith,254,19,8,31.8,Swift,GPL-3.0,83,1,訊號完整,topics:none
ruvnet/agent-harness-generator,290,29,9,32.2,TypeScript,MIT,264,1,訊號完整,generic-name:agent-harness-generator
tripplyons/pokeemerald-wasm,287,24,24,12.0,C,,30,1,訊號完整,license:none
cclank/lanshu-awesome-ai-video-kit,286,79,28,10.2,HTML,MIT,66,1,訊號完整,generic-name:lanshu-awesome-ai-video-kit
xingwudao/xquant-beginner,311,56,13,23.9,TypeScript,NOASSERTION,22,1,訊號完整,license:none
joeseesun/qiaomu-novel-generator,315,38,9,35.0,Python,MIT,112,1,訊號完整,topics:none
valkor-ai/loom,357,23,13,27.5,TypeScript,Apache-2.0,47,1,訊號完整,topics:none
uu201/character-arc,355,53,29,12.2,TypeScript,MIT,50,1,訊號完整,topics:none
tryproduck/produck-oss,353,0,16,22.1,Unknown,,61,1,訊號完整,license:none
AnthonySturdy/micro-radar,349,27,20,17.4,C++,MIT,45,1,訊號完整,topics:none
shrimpsend/shrimpsend,138,3,18,7.7,Dart,NOASSERTION,44,1,訊號完整,license:none
cxq0517/htmltool2,138,9,18,7.7,HTML,MIT,312,1,訊號完整,topics:none
Happy-Chen-CH/Educational_RAG_System,137,2,7,19.6,Python,,123,1,訊號完整,license:none
strongshuai/proxy-checker,136,43,10,13.6,Python,MIT,192,1,訊號完整,topics:none
combined-ai/isplay,136,0,28,4.9,TypeScript,MIT,33,1,訊號完整,topics:none
recursive-org/first-steps-toward-automated-ai-research,133,12,11,12.1,Python,Apache-2.0,64,1,訊號完整,topics:none
wangzai-double-milk/Vibefilming,133,6,21,6.3,Python,MIT,126,1,訊號完整,topics:none
iKora128/stop-ai-slop-jp,133,2,13,10.2,Unknown,MIT,29,1,訊號完整,topics:none
duolahypercho/GT-caliber,132,25,12,11.0,C++,MIT,112,1,訊號完整,topics:none
six-ddc/livecaption,132,16,10,13.2,Python,,204,1,訊號完整,license:none
ppXD/Wisp,132,19,25,5.3,Rust,MIT,93,1,訊號完整,topics:none
zarazhangrui/beautiful-feishu-whiteboard,406,26,21,19.3,Shell,MIT,113,1,訊號完整,topics:none
buynao/aipath,397,43,10,39.7,JavaScript,,63,1,訊號完整,license:none
duolahypercho/fusion-fable,396,60,9,44.0,Shell,MIT,157,1,訊號完整,topics:none
lynote-ai/ai-detector-skill,228,6,28,8.1,Python,MIT,83,1,訊號完整,generic-name:ai-detector-skill
thombanal/polymarket-fifa-arbitrage,226,4640,29,7.8,TypeScript,,339,1,訊號完整,license:none
Moli13337/Azurlane-9.7.205,226,35,21,10.8,Kotlin,,29,1,訊號完整,license:none
yuzhworkhard-wq/image-to-code,236,31,16,14.8,Python,MIT,78,1,訊號完整,topics:none
Mrjie7205/serenity-bottleneck-hunter,235,37,26,9.0,Python,MIT,182,1,訊號完整,topics:none
a2328275243/mempalace-evolve,335,9,27,12.4,Python,MIT,127,1,訊號完整,topics:none
leyten/shard,332,39,7,47.4,Python,Apache-2.0,65,1,訊號完整,topics:none
Liafanx/MTproxy-reanimation,132,4,12,11.0,Shell,MIT,43,1,訊號完整,topics:none
jangafx/FMAG,132,1,7,18.9,C,MIT,54,1,訊號完整,topics:none
agentenatalie/get-job.skill,130,2,24,5.4,Python,NOASSERTION,57,1,訊號完整,license:none
yux1azhengye/BestSerenitySkillFromAT,374,56,16,23.4,Unknown,MIT,44,1,訊號完整,topics:none
torvalds/ScrollWheel,326,12,20,16.3,C,GPL-2.0,58,1,訊號完整,topics:none
macan-dev/EasySNI,319,49,28,11.4,Go,MIT,32,1,訊號完整,topics:none
xiao24bei/xiaobei-skill-image-to-vba,129,13,27,4.8,Python,Apache-2.0,108,1,訊號完整,generic-name:xiaobei-skill-image-to-vba
Noumena-Network/code,128,28,6,21.3,TypeScript,Apache-2.0,105,1,訊號完整,topics:none
ksimback/looper,127,12,4,31.8,Python,MIT,76,1,訊號完整,topics:none
Pikapika260214/rw-consulting-ppt,127,11,25,5.1,Python,MIT,42,1,訊號完整,topics:none
aresyn/codex-control-plane-mcp,221,4,5,44.2,Python,Apache-2.0,62,1,訊號完整,generic-name:codex-control-plane-mcp
shadcn-labs/agentcn,220,10,5,44.0,TypeScript,MIT,37,1,訊號完整,topics:none
K-Dense-AI/science-superpowers,220,18,25,8.8,Shell,NOASSERTION,153,1,訊號完整,license:none
tmchow/illo-skill,216,8,10,21.6,Python,MIT,195,1,訊號完整,generic-name:illo-skill
vybenetwork/solana-swap-api,230,94,19,12.1,TypeScript,,346,1,訊號完整,license:none
jelllott/polymarket-kalshi-arbitrage-bot,229,5790,29,7.9,TypeScript,,323,1,訊號完整,license:none
2417467487-hub/WorldCupROI,371,25,20,18.6,Python,,160,1,訊號完整,license:none
yo-WASSUP/Good-Badminton,367,125,2,183.5,Python,Apache-2.0,31,1,訊號完整,topics:none
OnlyTerp/UltraCode-Shim,364,32,23,15.8,Python,MIT,155,1,訊號完整,topics:none
vercel-labs/personal-agent-template,363,29,11,33.0,TypeScript,MIT,166,1,訊號完整,generic-name:personal-agent-template
Hypostasis-Cat/HypoMux,360,11,11,32.7,Python,AGPL-3.0,277,1,訊號完整,topics:none
abocchi1/polymarket-trading-bot,408,387,13,31.4,JavaScript,,263,1,訊號完整,license:none
BND-1/horseMD,127,6,18,7.1,JavaScript,MIT,139,1,訊號完整,topics:none
sums001/Windows-Copilot-API,420,163,3,140.0,Python,MIT,156,1,訊號完整,generic-name:Windows-Copilot-API
modaic-ai/gepa-viz,413,30,29,14.2,TypeScript,MIT,41,1,訊號完整,topics:none
harborstremio/harbor,412,22,20,20.6,TypeScript,MIT,44,1,訊號完整,topics:none
MstKail/polymarket-trading-bot-services-polyedge365,409,711,4,102.2,Unknown,,350,1,訊號完整,license:none
xm486/YukiHub,451,10,29,15.6,Java,GPL-3.0,67,1,訊號完整,topics:none
foru17/make-x-great-again,441,26,28,15.8,TypeScript,AGPL-3.0,168,1,訊號完整,topics:none
microsoft/XBOX-Godot-Sample,209,18,25,8.4,C++,MIT,74,1,訊號完整,topics:none
SeanWong17/album-assetizer,209,12,23,9.1,Python,MIT,87,1,訊號完整,topics:none
zclllyybb/lofisu-identity-engine,208,11,29,7.2,Unknown,Unlicense,14,1,訊號完整,desc:short
zaydmulani09/mnemo,224,9,20,11.2,Rust,MIT,179,1,訊號完整,topics:none
stagas/hallucinate,223,24,25,8.9,TypeScript,MIT,33,1,訊號完整,topics:none
nnecrkvenuOX/formcms,392,905,5,78.4,C#,MIT,134,1,訊號完整,topics:none
ReulgeApmpetty0O/Back-End-Developer-Interview-Questions,392,751,5,78.4,Unknown,GPL-2.0,131,1,訊號完整,topics:none
BoundingBoxSoftware/CharacterController,391,28,26,15.0,C#,MIT,61,1,訊號完整,topics:none
arpitpatel25/unmute-dictation,129,14,25,5.2,TypeScript,MIT,62,1,訊號完整,topics:none
brycewang-stanford/Awesome-Journal-Skills,440,63,28,15.7,Stata,MIT,229,1,訊號完整,generic-name:Awesome-Journal-Skills
garnix-io/garnix-ci,432,41,26,16.6,Haskell,BSD-3-Clause,52,1,訊號完整,topics:none
xushanpei/open-file-viewer,431,40,21,20.5,TypeScript,MIT,82,1,訊號完整,topics:none
S-Sigdel/vimhjkl,487,9,21,23.2,Python,MIT,51,1,訊號完整,topics:none
FerroxLabs/wayland,486,82,17,28.6,TypeScript,AGPL-3.0,62,1,訊號完整,topics:none
dzcmemory-web/bazi-ziwei-skill,485,64,9,53.9,TypeScript,MIT,124,1,訊號完整,generic-name:bazi-ziwei-skill
tryproduck/produck-skills,482,7,19,25.4,Unknown,Apache-2.0,56,1,訊號完整,generic-name:produck-skills
mudler/parakeet.cpp,482,38,25,19.3,C++,MIT,40,1,訊號完整,topics:none
dongshuyan/compass-skills,480,38,7,68.6,Python,MIT,77,1,訊號完整,generic-name:compass-skills
steeliron550-ui/search-bibtex,141,4,24,5.9,TypeScript,MIT,176,1,訊號完整,topics:none
ATOM00blue/machine-learning-library,141,14,25,5.6,Python,NOASSERTION,305,1,訊號完整,license:none
ori-drs/ScaRF-SLAM,141,8,24,5.9,Python,GPL-3.0,82,1,訊號完整,topics:none
PabloNAX/ultracode-skill,141,7,22,6.4,Unknown,MIT,56,1,訊號完整,generic-name:ultracode-skill
rbrown101010/rilable,141,47,11,12.8,TypeScript,MIT,109,1,訊號完整,topics:none
Irfanlesnar/PS2-Launcher,139,3,29,4.8,C,AFL-3.0,159,1,訊號完整,topics:none
tongxuluo/gamecraft-bench,139,9,6,23.2,Shell,Apache-2.0,108,1,訊號完整,topics:none
Memuro-Town/MADO-queue,125,7,10,12.5,HTML,MIT,78,1,訊號完整,topics:none
momori777/Artemis,125,8,20,6.2,Python,NOASSERTION,304,1,訊號完整,license:none
fivetaku/fablize,609,82,8,76.1,Python,,182,1,訊號完整,license:none
g0ldyy/fh6-universal-radio,197,31,27,7.3,C++,GPL-3.0,152,1,訊號完整,topics:none
craftzdog/tmux-claude-session-manager,195,14,10,19.5,Shell,MIT,173,1,訊號完整,generic-name:tmux-claude-session-manager
neclo0752/China-US-Stock-Guide,195,20,18,10.8,Unknown,,129,1,訊號完整,license:none
emollick/concord,194,33,15,12.9,JavaScript,MIT,125,1,訊號完整,topics:none
zscdaoo/polymarket-weather-trading-bot,208,1479,11,18.9,TypeScript,,350,1,訊號完整,license:none
Multiphysics-Imaging-Shenzhen/Level-Set-Gravity-Inversion-Software,203,0,20,10.2,Unknown,,65,1,訊號完整,license:none
MatixYo/ESP32-Plane-Radar,541,84,22,24.6,C++,MIT,134,1,訊號完整,topics:none
FlashML-org/flashlib,537,42,27,19.9,Python,Apache-2.0,62,1,訊號完整,topics:none
DanMcInerney/architect-loop,536,52,10,53.6,HTML,MIT,143,1,訊號完整,topics:none
MSNightmare/GreatXML,536,226,11,48.7,Unknown,MIT,39,1,訊號完整,topics:none
boogu-project/Boogu-Image,506,23,6,84.3,Python,Apache-2.0,169,1,訊號完整,topics:none
PentesterFlow/agent,505,73,22,23.0,TypeScript,Apache-2.0,43,1,訊號完整,generic-name:agent
TexasBedouin/vibe-check,440,51,17,25.9,HTML,MIT,313,1,訊號完整,generic-name:vibe-check
zenhosta/9drive,569,190,18,31.6,TypeScript,,316,1,訊號完整,license:none
kadevin/ilab-gpt-conjure,566,76,14,40.4,JavaScript,AGPL-3.0,338,1,訊號完整,generic-name:ilab-gpt-conjure
chaitanyagiri/munder-difflin,564,58,22,25.6,TypeScript,NOASSERTION,25,1,訊號完整,license:none
xiaohuailabs/xiaohu-video-translate,552,87,14,39.4,Python,MIT,59,1,訊號完整,topics:none
bowen-aigame/awesome-ai-game,103,2,10,10.3,Unknown,MIT,167,1,訊號完整,generic-name:awesome-ai-game
AIMixer/ComfyUI-Bernini,102,6,18,5.7,Python,Apache-2.0,75,1,訊號完整,topics:none
Tencent-Hunyuan/UniRL,698,43,14,49.9,Python,NOASSERTION,72,1,訊號完整,license:none
ExaGuardTeach/AnyUnlock-Quick-Setup,194,1,15,12.9,Unknown,NOASSERTION,164,1,訊號完整,license:none
IssacW228/student-llm-wiki,192,0,21,9.1,Unknown,MIT,327,1,訊號完整,generic-name:student-llm-wiki
m1ckc3s/nullframe,192,20,10,19.2,TypeScript,MIT,77,1,訊號完整,topics:none
modem-dev/sideshow,200,6,11,18.2,TypeScript,MIT,121,1,訊號完整,topics:none
KunChen1110/InterviewRadar,200,17,21,9.5,Python,MIT,40,1,訊號完整,topics:none
3x-haust/workshop-wallpaper-bridge,198,11,22,9.0,Swift,MIT,82,1,訊號完整,topics:none
snownico0722/PaperTodo,198,10,26,7.6,C#,,237,1,訊號完整,license:none
pulsewarriorrank/Lossless-Scaling-Download-2026,197,0,1,197.0,Unknown,NOASSERTION,240,1,訊號完整,license:none
PSBrew/MkPFS,126,21,23,5.5,Python,GPL-3.0,112,1,訊號完整,topics:none
NuvioMedia/NuvioDesktop,634,45,14,45.3,Kotlin,GPL-3.0,33,1,訊號完整,topics:none
binghe1980/AI-Canvas,104,10,2,52.0,TypeScript,MIT,92,1,訊號完整,topics:none
Reloops-App/reloops,104,8,21,5.0,TypeScript,AGPL-3.0,62,1,訊號完整,topics:none
GuanhuaYe/codex-tmux-scroll,104,6,13,8.0,Shell,Apache-2.0,72,1,訊號完整,generic-name:codex-tmux-scroll
0xovo/LiteDoc,104,13,16,6.5,JavaScript,AGPL-3.0,54,1,訊號完整,topics:none
233i/ore-code,103,9,22,4.7,TypeScript,MIT,45,1,訊號完整,topics:none
seacen/omem,103,0,22,4.7,MDX,NOASSERTION,217,1,訊號完整,license:none
yolfinance/yolfi-agent,188,1,6,31.3,JavaScript,MIT,62,1,訊號完整,generic-name:yolfi-agent
lab421/forel,144,4,9,16.0,Swift,GPL-3.0,71,1,訊號完整,topics:none
jhljx/RecSys-Industrial-Book,144,9,15,9.6,HTML,NOASSERTION,20,1,訊號完整,license:none
gauss314/skills,143,24,20,7.2,Python,MIT,70,1,訊號完整,generic-name:skills
CWS6206/EasySSDTester,142,36,2,71.0,PowerShell,GPL-3.0,127,1,訊號完整,topics:none
Neusoft-Intelligent-Laboratory/FridayOS-Lite,142,13,13,10.9,Unknown,MIT,88,1,訊號完整,topics:none
samarailly51-pixel/opencode-harness,194,5,16,12.1,Python,MIT,70,1,訊號完整,topics:none
kepengxu/PRISM-VL,585,15,27,21.7,Python,Apache-2.0,160,1,訊號完整,topics:none
ngrok/webernetes,581,47,6,96.8,TypeScript,Apache-2.0,26,1,訊號完整,topics:none
SenhorH/tab-labeler,185,13,20,9.2,TypeScript,MIT,64,1,訊號完整,topics:none
littlepeachs/NaturePanelForge,185,7,18,10.3,Python,MIT,180,1,訊號完整,topics:none
Moh4696/100-free-open-source-github-repos,182,15,28,6.5,Unknown,MIT,84,1,訊號完整,topics:none
ninsent/Ore-UI-theme-pack,182,0,28,6.5,CSS,MIT,59,1,訊號完整,topics:none
Sorathiya123/claude-ai-free-desktop-app,182,1,6,30.3,TypeScript,MIT,212,1,訊號完整,generic-name:claude-ai-free-desktop-app
HotRiceNoodles/CrossLink,191,4,29,6.6,Go,Apache-2.0,170,1,訊號完整,topics:none
dososo/chinese-traditional-patterns,189,18,6,31.5,Unknown,NOASSERTION,78,1,訊號完整,license:none
akwin1234/damru,189,26,22,8.6,Python,NOASSERTION,260,1,訊號完整,license:none
zeroxjf/cyanide,188,22,23,8.2,Objective-C,AGPL-3.0,75,1,訊號完整,topics:none
opencoredev/email-sdk,188,13,26,7.2,MDX,,130,1,訊號完整,license:none
B1lli/remove-ai-flavor-writing-skill,122,0,16,7.6,Python,MIT,126,1,訊號完整,generic-name:remove-ai-flavor-writing-skill
anfalalsarraf-cmyk/meccha-chameleon-project,122,0,1,122.0,HTML,,63,1,訊號完整,license:none
MrLee2R/Intelligrapher,122,1,24,5.1,Python,MIT,87,1,訊號完整,topics:none
playmobil/worldcup-forecast,106,22,8,13.2,Python,MIT,23,1,訊號完整,topics:none
FujiwaraChoki/mori-browser,106,7,22,4.8,Swift,MIT,43,1,訊號完整,topics:none
NotPBShaw/burner-agents,651,24,20,32.5,Python,MIT,201,1,訊號完整,generic-name:burner-agents
lennonkc/openbuddy,105,9,25,4.2,C,MIT,86,1,訊號完整,topics:none
davidhoo/MarkdownReader,105,7,21,5.0,Swift,,233,1,訊號完整,license:none
believer-oss/Claireon,104,11,12,8.7,C++,MIT,28,1,訊號完整,topics:none
Jinghao67/conductor,104,3,19,5.5,Shell,MIT,98,1,訊號完整,topics:none
One-JiaSuo/Jiasuo-tools,104,1,8,13.0,Unknown,MPL-2.0,271,1,訊號完整,topics:none
Shopee-Eng/functional-skill-creator,107,1,6,17.8,JavaScript,MIT,146,1,訊號完整,generic-name:functional-skill-creator
whut09/opencode-plusplus,107,11,29,3.7,TypeScript,,241,1,訊號完整,license:none
malik-group/do-as-i-do,178,20,18,9.9,Python,MIT,27,1,訊號完整,topics:none
peterpeterparker/kyushu,177,3,24,7.4,JavaScript,MIT,51,1,訊號完整,topics:none
danking6/veltoc,177,11,13,13.6,C++,MIT,200,1,訊號完整,topics:none
cha0upup/LeoAI,176,18,10,17.6,Java,GPL-3.0,36,1,訊號完整,topics:none
Kaimen-Inc/Co-Scientist,176,35,27,6.5,Python,Apache-2.0,62,1,訊號完整,topics:none
john-rocky/coreai-model-zoo,175,11,12,14.6,Swift,NOASSERTION,209,1,訊號完整,license:none
Sophomoresty/bpc-fetch,174,53,25,7.0,JavaScript,MIT,99,1,訊號完整,topics:none
MengMengCode/CLICD,187,35,17,11.0,Go,Apache-2.0,250,1,訊號完整,topics:none
yeet-src/httpinspect,187,12,5,37.4,JavaScript,,131,1,訊號完整,license:none
ladybug-me/caelestia-dots-kde,110,1,1,110.0,QML,GPL-3.0,37,1,訊號完整,topics:none
cvg/ZipSplat,110,10,19,5.8,Python,Apache-2.0,40,1,訊號完整,topics:none
IgorWarzocha/howaboua-pi-stuff,110,3,25,4.4,TypeScript,MIT,51,1,訊號完整,topics:none
gy15901580825/Argus,171,24,25,6.8,Python,Apache-2.0,302,1,訊號完整,topics:none
MarianoVilla/Oloraculo,171,28,14,12.2,C#,,53,1,訊號完整,license:none
markrussinovich/Polypost,171,34,15,11.4,TypeScript,MIT,201,1,訊號完整,topics:none
FengZi1221/proxy-installer,170,24,18,9.4,Go,MIT,153,1,訊號完整,topics:none
Sinotrade/shioaji-pro-app,169,37,12,14.1,TypeScript,AGPL-3.0,276,1,訊號完整,topics:none
serenakeyitan/awesome-agent-loops,168,11,13,12.9,Unknown,CC-BY-4.0,162,1,訊號完整,generic-name:awesome-agent-loops
BotchetDig/workout-gate,182,19,10,18.2,Python,MIT,236,1,訊號完整,topics:none
hanxiao/omni-macos,179,12,21,8.5,Swift,Apache-2.0,128,1,訊號完整,topics:none
sjtuplayer/showvi,106,8,29,3.7,Python,MIT,36,1,訊號完整,topics:none
pseudoku/Kotinos,106,5,11,9.6,OpenSCAD,GPL-3.0,36,1,訊號完整,topics:none
toinbox/simplerelay,109,3,7,15.6,Python,,127,1,訊號完整,license:none
uutils/grep,109,10,26,4.2,Rust,MIT,33,1,訊號完整,topics:none
kenzok8/openwrt-daede,108,18,29,3.7,JavaScript,AGPL-3.0,44,1,訊號完整,topics:none
aimardcr/akane-injector,112,32,23,4.9,C,,189,1,訊號完整,license:none
hariharjeevan/cheezypizza,112,3,27,4.1,TypeScript,NOASSERTION,62,1,訊號完整,license:none
starlight36/vibecoding-signal-light,112,19,26,4.3,Rust,MIT,35,1,訊號完整,topics:none
ScaleX-IO/uGDS,112,13,16,7.0,C++,BSD-3-Clause,39,1,訊號完整,topics:none
Arenbai/SecSkills,146,17,22,6.6,Unknown,MIT,86,1,訊號完整,topics:none
LinYuanovo/HGame-Manager,146,1,25,5.8,Dart,AGPL-3.0,37,1,訊號完整,topics:none
hvardhan878/ghostwork,146,5,13,11.2,TypeScript,NOASSERTION,217,1,訊號完整,license:none
Chlience/yt-dlp-tauri,146,11,27,5.4,Rust,GPL-3.0,108,1,訊號完整,topics:none
LiteLLM-Labs/litellm-rust,146,17,22,6.6,TypeScript,MIT,67,1,訊號完整,topics:none
JCLemme/wiggle-wiggle,146,4,18,8.1,Python,GPL-3.0,53,1,訊號完整,topics:none
ayi-ai/ayi-nonviolent-communication,145,25,22,6.6,Unknown,MIT,83,1,訊號完整,topics:none
kernullist/PseudoForge,145,14,23,6.3,Python,MIT,104,1,訊號完整,topics:none
Makapic/RocoPilot,145,29,26,5.6,Python,MIT,138,1,訊號完整,topics:none
midudev/subvid.app,145,38,21,6.9,TypeScript,NOASSERTION,62,1,訊號完整,license:none
wwe-dog/ppt-image2-editable-rebuild,174,11,23,7.6,Python,Unlicense,128,1,訊號完整,topics:none
ghy196830-del/agent-watch-approve,108,9,16,6.8,Python,MIT,153,1,訊號完整,generic-name:agent-watch-approve
fadewalk/serenity-stock-choke,122,16,24,5.1,Python,MIT,35,1,訊號完整,topics:none
safijari/openpuck,121,9,16,7.6,C++,AGPL-3.0,117,1,訊號完整,topics:none
robzilla1738/skillz-macos,121,4,24,5.0,Swift,,89,1,訊號完整,license:none
Rista-student/ryujinx-emulator-latest,121,0,1,121.0,HTML,,67,1,訊號完整,license:none
zai-org/SCAIL-2,760,54,25,30.4,Python,Apache-2.0,115,1,訊號完整,topics:none
ma7mod7/Resident-Evil-Requiem-Ultimate-Trainer-2026_v_2,160,0,1,160.0,Python,MIT,128,1,訊號完整,topics:none
Sentdex/minion,167,24,9,18.6,Python,MIT,83,1,訊號完整,topics:none
Light0305/Light-skills,167,33,15,11.1,Python,MIT,63,1,訊號完整,generic-name:Light-skills
Open-Builders/pumpfun-bundler-pump.fun-bundler-solana-token-bundler-bot,167,320,11,15.2,TypeScript,,348,1,訊號完整,license:none
Jia-Ethan/github-solution-research,166,10,10,16.6,Unknown,MIT,59,1,訊號完整,topics:none
thebriangao/pebble,166,33,10,16.6,Swift,NOASSERTION,291,1,訊號完整,license:none
IRNova/NovaRadar,164,11,22,7.5,Go,MIT,251,1,訊號完整,topics:none
Trystan-SA/rproc,110,7,27,4.1,Rust,MIT,100,1,訊號完整,topics:none
ali-vilab/DiffusionOPD,109,0,27,4.0,Python,Apache-2.0,81,1,訊號完整,topics:none
webc-site/math,113,7,16,7.1,JavaScript,,148,1,訊號完整,license:none
charlie12345/rocmfp4-llama,113,11,28,4.0,C++,MIT,32,1,訊號完整,topics:none
2aronS/Duel-Agents,1004,23,25,40.2,TypeScript,MIT,41,1,訊號完整,generic-name:Duel-Agents
QwenLM/open-computer-use,160,28,21,7.6,Swift,MIT,122,1,訊號完整,topics:none
akitaonrails/ai-usagebar,160,25,29,5.5,Rust,MIT,121,1,訊號完整,topics:none
sanjoy9875/Resident-Evil-Requiem-Ultimate-Trainer-2026_v_2,159,0,1,159.0,Python,MIT,128,1,訊號完整,topics:none
amazon-far/abc,159,8,10,15.9,Python,Apache-2.0,71,1,訊號完整,topics:none
M-S-ibrahim/Resident-Evil-Requiem-Ultimate-Trainer-2026_v_2,159,0,1,159.0,Python,MIT,128,1,訊號完整,topics:none
Ar9av/gemini-nano-chrome,163,14,5,32.6,JavaScript,MIT,103,1,訊號完整,topics:none
Forsy-AI/agent-apprenticeship,759,46,3,253.0,Unknown,MIT,159,1,訊號完整,generic-name:agent-apprenticeship
VAST-AI-Research/TripoSplat,757,86,21,36.0,Python,MIT,114,1,訊號完整,topics:none
jdevalk/specification.website,711,46,24,29.6,TypeScript,NOASSERTION,109,1,訊號完整,license:none
NO6KIKO/gorest-2d-animation-spritesheet-generator,879,130,10,87.9,TypeScript,MIT,88,1,訊號完整,topics:none
msitarzewski/brew-browser,862,23,29,29.7,Rust,MIT,91,1,訊號完整,topics:none
JuneYaooo/nihaisha-nishi-tcm,831,196,26,32.0,Python,,181,1,訊號完整,license:none
LAY-lgtm/novel-writing-framework,112,6,22,5.1,Unknown,MIT,87,1,訊號完整,topics:none
cporter202/stock-market-signal-automation,111,31,9,12.3,Unknown,MIT,128,1,訊號完整,topics:none
amElnagdy/delegate-skills,122,19,8,15.2,JavaScript,MIT,108,1,訊號完整,generic-name:delegate-skills
simonw/micropython-wasm,158,14,20,7.9,Python,Apache-2.0,66,1,訊號完整,topics:none
elder-plinius/ENTHEA,157,35,17,9.2,HTML,AGPL-3.0,71,1,訊號完整,topics:none
sanjoy9875/007-First-Light-Trainer-And-Optimizer_v_2,157,0,1,157.0,Python,MIT,183,1,訊號完整,topics:none
dfra9/007-First-Light-Trainer-And-Optimizer_v_2,150,0,1,150.0,Python,MIT,183,1,訊號完整,topics:none
tamnd/ascii-gif,150,3,8,18.8,Go,MIT,104,1,訊號完整,topics:none
jprx/fractal,148,10,24,6.2,C,MIT,72,1,訊號完整,topics:none
lifuyue/issue-finder,148,4,20,7.4,Rust,MIT,60,1,訊號完整,topics:none
M-S-ibrahim/007-First-Light-Trainer-And-Optimizer_v_2,160,0,1,160.0,Python,MIT,183,1,訊號完整,topics:none
Danilaa1/slot-text,788,20,13,60.6,TypeScript,MIT,67,1,訊號完整,topics:none
0xSero/glm-5.2-sm120,119,7,4,29.8,Shell,,167,1,訊號完整,license:none
Angais/minedit,118,8,16,7.4,Java,MIT,37,1,訊號完整,topics:none
miaojiuqing/Maa_Kes,118,10,23,5.1,Python,MIT,26,1,訊號完整,topics:none
zjp1997720/wechat-radar,118,4879,27,4.4,Unknown,MIT,24,1,訊號完整,topics:none
Michael-OvO/obsidian-knowledge-agent,117,1,22,5.3,Python,MIT,162,1,訊號完整,generic-name:obsidian-knowledge-agent
Lolner95/use-kimi-on-cursor,117,19,13,9.0,Rust,MIT,230,1,訊號完整,topics:none
sgup/ai,117,12,9,13.0,JavaScript,MIT,63,1,訊號完整,topics:none
yuanzhongqiao/ai-interview-platform,897,88,27,33.2,TypeScript,MIT,21,1,訊號完整,topics:none
amElnagdy/guard-skills,879,105,16,54.9,Unknown,MIT,108,1,訊號完整,generic-name:guard-skills
MSNightmare/RoguePlanet,1334,549,13,102.6,C++,MIT,42,1,訊號完整,topics:none
EEliberto/IPA-Download,1258,72,9,139.8,Swift,Apache-2.0,79,1,訊號完整,topics:none
Fullive-AI/Anima,1107,35,21,52.7,Python,Apache-2.0,83,1,訊號完整,topics:none
apple/coreai-models,1107,87,14,79.1,Swift,BSD-3-Clause,85,1,訊號完整,topics:none
maatallah/Resident-Evil-Requiem-Ultimate-Trainer-2026_v_2,156,0,1,156.0,Python,MIT,128,1,訊號完整,topics:none
KorroAi/drunk-claude,156,10,9,17.3,TeX,MIT,142,1,訊號完整,generic-name:drunk-claude
marufboy/Resident-Evil-Requiem-Ultimate-Trainer-2026_v_2,156,0,1,156.0,Python,MIT,128,1,訊號完整,topics:none
kunchenguid/firstmate,155,26,10,15.5,Shell,MIT,36,1,訊號完整,topics:none
tuanvit/007-First-Light-Trainer-And-Optimizer_v_2,155,0,1,155.0,Python,MIT,183,1,訊號完整,topics:none
Sam50x/Resident-Evil-Requiem-Ultimate-Trainer-2026_v_2,158,0,1,158.0,Python,MIT,128,1,訊號完整,topics:none
ar813/Resident-Evil-Requiem-Ultimate-Trainer-2026_v_2,158,0,1,158.0,Python,MIT,128,1,訊號完整,topics:none
tuanvit/Resident-Evil-Requiem-Ultimate-Trainer-2026_v_2,158,0,1,158.0,Python,MIT,128,1,訊號完整,topics:none
joeseesun/qiaomu-ai-prd,158,5,10,15.8,Python,MIT,149,1,訊號完整,topics:none
YuriCrystal/ai-avatar-bot,158,51,13,12.2,HTML,NOASSERTION,47,1,訊號完整,license:none
Genesis-Embodied-AI/genesis-nyx,116,7,27,4.3,Unknown,Apache-2.0,64,1,訊號完整,topics:none
Happy-Chen-CH/text_classification,114,4,19,6.0,Python,,106,1,訊號完整,license:none
get-starboard/starboard,114,2,22,5.2,Unknown,,153,1,訊號完整,license:none
leslieyeo/serenity-reply,114,26,27,4.2,Unknown,MIT,119,1,訊號完整,topics:none
ntrospect0/glint,154,8,26,5.9,Rust,GPL-3.0,85,1,訊號完整,topics:none
apple/foundation-models-utilities,154,8,14,11.0,Swift,Apache-2.0,84,1,訊號完整,topics:none
Chenruishuo/posterly,154,5,23,6.7,Python,AGPL-3.0,133,1,訊號完整,topics:none
we9lii/Resident-Evil-Requiem-Ultimate-Trainer-2026_v_2,154,0,1,154.0,Python,MIT,128,1,訊號完整,topics:none
we9lii/007-First-Light-Trainer-And-Optimizer_v_2,153,0,1,153.0,Python,MIT,183,1,訊號完整,topics:none
ma7mod7/007-First-Light-Trainer-And-Optimizer_v_2,153,0,1,153.0,Python,MIT,183,1,訊號完整,topics:none
maatallah/007-First-Light-Trainer-And-Optimizer_v_2,153,0,1,153.0,Python,MIT,183,1,訊號完整,topics:none
Waishnav/devspace,2214,231,8,276.8,TypeScript,MIT,61,1,訊號完整,topics:none
ideogram-oss/ideogram4,2204,221,25,88.2,Python,Apache-2.0,55,1,訊號完整,topics:none
Sophomoresty/gemini-web2api,1857,438,25,74.3,Python,MIT,93,1,訊號完整,topics:none
MatinSenPai/SenPaiScanner,1828,98,25,73.1,Go,MIT,60,1,訊號完整,topics:none
SkyBlue997/enableMacosAI,1504,81,12,125.3,Shell,,79,1,訊號完整,license:none
joelewis012/CSIght,136,10,10,13.6,C,MIT,175,1,訊號完整,topics:none
apple/truetype-hinting-interpreter-example,136,1,11,12.4,Swift,MIT,26,1,訊號完整,topics:none
LLMQuant/skills,136,17,23,5.9,Shell,MIT,127,1,訊號完整,generic-name:skills
rust-kotlin/ashell,135,19,14,9.6,Rust,GPL-3.0,87,1,訊號完整,topics:none
MichalZaniewicz/esphome-guition-jc3636k718c-va,134,5,6,22.3,Python,,203,1,訊號完整,license:none
pewdiepie-archdaemon/odysseus,76559,9965,22,3480.0,Python,AGPL-3.0,25,1,訊號完整,topics:none
op7418/guizang-social-card-skill,3913,338,26,150.5,HTML,AGPL-3.0,187,1,訊號完整,generic-name:guizang-social-card-skill
diffusionstudio/lottie,3660,200,18,203.3,TypeScript,MIT,69,1,訊號完整,topics:none
BuilderIO/skills,2476,130,12,206.3,JavaScript,MIT,24,1,訊號完整,generic-name:skills
vercel/eve,2346,169,6,391.0,TypeScript,Apache-2.0,33,1,訊號完整,overnight-surge:391/day
tamnd/kage,2316,77,8,289.5,Go,MIT,72,1,訊號完整,topics:none
amanayayatu-tech/Alaya,115,6,19,6.1,TypeScript,MIT,47,1,訊號完整,topics:none
caffyne-org/caffyne-shell,115,3,25,4.6,Python,,68,1,訊號完整,license:none
Archeb/peer.as,117,9,22,5.3,JavaScript,AGPL-3.0,86,1,訊號完整,topics:none
Jamailar/OPG,117,26,13,9.0,TypeScript,NOASSERTION,115,1,訊號完整,license:none
vinayaklatthe/microsoft-security-skills,117,29,12,9.8,JavaScript,MIT,110,1,訊號完整,generic-name:microsoft-security-skills
omnigent-ai/omnigent,4505,518,11,409.5,Python,Apache-2.0,240,0,訊號完整,
StarTrail-org/PixelRAG,3665,327,24,152.7,Python,Apache-2.0,70,0,訊號完整,
nexu-io/html-video,3460,429,26,133.1,HTML,Apache-2.0,242,0,訊號完整,
cpaczek/skylight,2846,320,20,142.3,TypeScript,MIT,165,0,訊號完整,
keyuchen21/agentic-engineering-handbook,115,4,13,8.8,Python,MIT,98,0,訊號完整,
alicankiraz1/CodexQB,115,13,8,14.4,Python,MIT,120,0,訊號完整,
leaperone/smctl,115,5,17,6.8,Swift,MIT,118,0,訊號完整,
helloianneo/ian-xiaohei-illustrations,5814,690,26,223.6,Unknown,MIT,54,0,訊號完整,
ar813/Paralives-Ultimate-Trainer-2026_v_2,154,0,1,154.0,Python,MIT,101,0,訊號完整,
Forlives/21-day-self-interview,153,54,18,8.5,Python,MIT,209,0,訊號完整,
bonhs1983/Peace-Equalizer-Apo,153,0,4,38.2,C#,MIT,314,0,訊號完整,
tigerless-labs/cost-xray,152,21,16,9.5,Python,MIT,83,0,訊號完整,
w1163222589-coder/slide-image-to-editable-pptx,151,12,26,5.8,Unknown,MIT,78,0,訊號完整,
SamAun1234/auto-2026,151,0,4,37.8,C#,MIT,130,0,訊號完整,
dfra9/Paralives-Ultimate-Trainer-2026_v_2,151,0,1,151.0,Python,MIT,101,0,訊號完整,
opengeos/geolibre-rust,150,18,5,30.0,Rust,MIT,122,0,訊號完整,
maxktz/hitch,150,3,29,5.2,Rust,MIT,95,0,訊號完整,
The-Young-Swag/Paralives-Ultimate-Trainer-2026_v_2,156,0,1,156.0,Python,MIT,101,0,訊號完整,
samarailly51-pixel/claimpilot-harness,156,2,17,9.2,Python,MIT,55,0,訊號完整,
ma7mod7/Paralives-Ultimate-Trainer-2026_v_2,156,0,1,156.0,Python,MIT,101,0,訊號完整,
tuanvit/Paralives-Ultimate-Trainer-2026_v_2,156,0,1,156.0,Python,MIT,101,0,訊號完整,
we9lii/Paralives-Ultimate-Trainer-2026_v_2,155,0,1,155.0,Python,MIT,101,0,訊號完整,
marufboy/Paralives-Ultimate-Trainer-2026_v_2,154,0,1,154.0,Python,MIT,101,0,訊號完整,
zeropl/2FA,158,19,5,31.6,HTML,MIT,250,0,訊號完整,
ethanhq/cc-fleet,158,17,23,6.9,Go,Apache-2.0,322,0,訊號完整,
maatallah/Paralives-Ultimate-Trainer-2026_v_2,158,0,1,158.0,Python,MIT,101,0,訊號完整,
baidu/nettools,157,26,20,7.8,Go,MIT,257,0,訊號完整,
ayuayue/PiDeck,157,17,22,7.1,TypeScript,MIT,88,0,訊號完整,
PhamHongPhucs/LeagueToolKit-Manager,150,0,5,30.0,TypeScript,MIT,224,0,訊號完整,
marcj/papernews,149,19,18,8.3,Python,MIT,57,0,訊號完整,
Aimino-Tech/opendocswork-mcp,149,11,27,5.5,Rust,GPL-3.0,123,0,訊號完整,
Setuav/PyThrust,147,20,27,5.4,Python,Apache-2.0,95,0,訊號完整,
muneeb1097m/Paralives-Ultimate-Trainer-2026_v_2,160,0,1,160.0,Python,MIT,101,0,訊號完整,
M-S-ibrahim/Paralives-Ultimate-Trainer-2026_v_2,160,0,1,160.0,Python,MIT,101,0,訊號完整,
kontaktinfob-popeb-music-glitch/pokemon-champions-pc,160,0,2,80.0,C#,MIT,47,0,訊號完整,
sanjoy9875/Paralives-Ultimate-Trainer-2026_v_2,160,0,1,160.0,Python,MIT,101,0,訊號完整,
pixelgridhub-coder/Gothic-Remake-Lockpick-Solver,159,0,2,79.5,C#,MIT,182,0,訊號完整,
0xABCD01/CVE-2026-41089,163,57,21,7.8,Python,MIT,77,0,訊號完整,
jdubois/boot-ui,163,17,28,5.8,Java,Apache-2.0,41,0,訊號完整,
PentHertz/grimoire,162,17,10,16.2,Python,MIT,64,0,訊號完整,
sndsh404/summer-2027-internships,161,2,14,11.5,Unknown,MIT,132,0,訊號完整,
sneakers-the-rat/ImportantCode,161,18,6,26.8,Python,MIT,147,0,訊號完整,
Sam50x/Paralives-Ultimate-Trainer-2026_v_2,160,0,1,160.0,Python,MIT,101,0,訊號完整,
garyqlin/gbase,167,2,28,6.0,Python,MIT,133,0,訊號完整,
Liu-Ming-Yu/alpha-forge,166,18,26,6.4,Python,Apache-2.0,68,0,訊號完整,
MustangYM/SovietExtension,166,37,7,23.7,Objective-C++,MIT,29,0,訊號完整,
dikurdikur/palmier-pro-windows,165,2,2,82.5,C#,MIT,208,0,訊號完整,
toddwyl/hl-quant,147,11,19,7.7,Python,MIT,24,0,訊號完整,
yaroslav/kino,145,1,11,13.2,Ruby,MIT,160,0,訊號完整,
aws-devtools-labs/aws-blocks,169,20,13,13.0,TypeScript,Apache-2.0,216,0,訊號完整,
hanxiao/dataroom,168,16,22,7.6,Python,MIT,87,0,訊號完整,
Inproger/ryujinx-emulator,177,2,13,13.6,C#,MIT,199,0,訊號完整,
EURICO55/download-tor-browser,176,0,6,29.3,C#,MIT,259,0,訊號完整,
dvassallo/singleserver,185,9,15,12.3,Go,MIT,36,0,訊號完整,
Rimagination/good-question,185,11,21,8.8,PowerShell,MIT,57,0,訊號完整,
krispuckett/SwiftUIShaders,184,8,21,8.8,Metal,MIT,175,0,訊號完整,
mrdoob/draco.js,184,9,19,9.7,JavaScript,MIT,65,0,訊號完整,
Verdi38/Silent-Crypto-Miner,183,35,5,36.6,Python,MIT,327,0,訊號完整,
s0912758806p/agentic-sop-to-work,191,19,13,14.7,Python,MIT,83,0,訊號完整,
catsing/oot-pc-port,191,0,3,63.7,C#,MIT,335,0,訊號完整,
Fahim-SS/lsfg-git,191,0,3,63.7,C++,MIT,339,0,訊號完整,
kernelstub/Ferrum,188,26,9,20.9,Go,GPL-3.0,102,0,訊號完整,
Wanduforl/MacArkPet,144,1,24,6.0,JavaScript,GPL-3.0,69,0,訊號完整,
boheling/deltasci,143,23,29,4.9,Python,MIT,40,0,訊號完整,
NODIX-TECH/UPSCALE-IT,143,1,29,4.9,Unknown,MIT,164,0,訊號完整,
newideas99/open-dungeon,194,16,10,19.4,TypeScript,MIT,208,0,訊號完整,
Firewalkeroffear/satisfactory-mod-manager,193,0,3,64.3,C++,MIT,350,0,訊號完整,
ferdinandobons/brand-docs,193,21,17,11.4,Python,MIT,305,0,訊號完整,
zyn26/minimax-m3-desktop-app-free-api,193,3,3,64.3,Go,MIT,331,0,訊號完整,
ForgetMeAI/FreeDeepseekAPI,192,53,16,12.0,JavaScript,MIT,129,0,訊號完整,
joeseesun/qiaomu-app-review-insights,192,36,7,27.4,TypeScript,MIT,139,0,訊號完整,
Goekdeniz-Guelmez/MLX-LoRA-Studio,201,20,11,18.3,Swift,MIT,91,0,訊號完整,
hanxiao/knowledge-graph-extractor,200,26,26,7.7,Python,MIT,131,0,訊號完整,
briliwar0/glm-5.2-free-desktop-app,197,4,3,65.7,C#,MIT,324,0,訊號完整,
zexuanw958-svg/travel-plan-viz,204,8,9,22.7,JavaScript,MIT,106,0,訊號完整,
zeborg/kubekosh,202,33,27,7.5,JavaScript,Apache-2.0,33,0,訊號完整,
marco-beltrame/WinLens,202,24,29,7.0,C#,MIT,78,0,訊號完整,
kouhxp/textsnap,141,2,29,4.9,Python,MIT,85,0,訊號完整,
axobase001/tomorrowedge,139,11,19,7.3,TypeScript,MIT,58,0,訊號完整,
Gakuseei/Ricelin,139,11,26,5.3,QML,MIT,107,0,訊號完整,
couragec/LLMInternSkill,212,8,21,10.1,Markdown,MIT,167,0,訊號完整,
itsinseong/value-for-fable,212,47,11,19.3,Python,AGPL-3.0,64,0,訊號完整,
Christian-Katzmann/app-it,211,19,23,9.2,Shell,MIT,164,0,訊號完整,
2417467487-hub/Trend2Video-Pro,211,5,14,15.1,Python,MIT,69,0,訊號完整,
wellingfeng/UltraGameStudio,222,23,23,9.7,TypeScript,MIT,110,0,訊號完整,
Ymsniper/KTO,215,10,20,10.8,Python,MIT,264,0,訊號完整,
ChenChenyaqi/learn-anything,214,16,29,7.4,TypeScript,MIT,151,0,訊號完整,
Nigh/show-me-the-story,228,19,19,12.0,Go,MIT,201,0,訊號完整,
dockur/proxmox,225,12,28,8.0,Shell,MIT,37,0,訊號完整,
techjarves/Local-AI-Image-Generator,236,81,18,13.1,JavaScript,MIT,257,0,訊號完整,
haaarshsingh/loomix,234,19,22,10.6,TypeScript,Apache-2.0,30,0,訊號完整,
biao994/DocPaws,138,2,27,5.1,Python,MIT,68,0,訊號完整,
phricardo/Git-Identity-Manager,137,1,23,6.0,TypeScript,MIT,292,0,訊號完整,
saiyam1814/kiac,136,5,12,11.3,Go,MIT,132,0,訊號完整,
dmellok/tesserae,136,4,28,4.9,Python,AGPL-3.0,113,0,訊號完整,
ntd4996/agentpet,250,45,22,11.4,Swift,MIT,198,0,訊號完整,
modelstudioai/cli,247,14,25,9.9,TypeScript,Apache-2.0,155,0,訊號完整,
jephersonRD/JiruHub,245,11,29,8.4,JavaScript,AGPL-3.0,157,0,訊號完整,
854875058/Symbio,239,0,25,9.6,Python,MIT,221,0,訊號完整,
DotHarness/dotcraft,239,15,25,9.6,C#,Apache-2.0,107,0,訊號完整,
larlarua/AutoCVE,258,7,7,36.9,Python,AGPL-3.0,122,0,訊號完整,
vuejs-ai/vue-tui,257,7,29,8.9,TypeScript,MIT,93,0,訊號完整,
packyme/privacy-filter,254,34,24,10.6,Go,MIT,106,0,訊號完整,
agentic-in/inferoa,250,41,14,17.9,TypeScript,Apache-2.0,64,0,訊號完整,
localai-org/privacy-filter.cpp,250,11,9,27.8,C++,MIT,88,0,訊號完整,
Soul-AILab/SoulX-Transcriber,260,14,20,13.0,Python,Apache-2.0,102,0,訊號完整,
helloianneo/ian-xiaohei-scenes,266,22,18,14.8,Unknown,MIT,98,0,訊號完整,
Omnitarium/scoptix,134,45,21,6.4,TypeScript,Apache-2.0,204,0,訊號完整,
soltia48/sdrplusplus-j-alert-plugin,134,3,7,19.1,C++,MIT,110,0,訊號完整,
SantanderAI/gen-fraud-graph,133,29,28,4.8,Python,Apache-2.0,106,0,訊號完整,
SubBoost/subboost,285,55,7,40.7,TypeScript,AGPL-3.0,70,0,訊號完整,
AtomFlow-AI/MoleCode,284,5,23,12.3,Python,MIT,97,0,訊號完整,
Leonxlnx/lumenshaders,282,34,13,21.7,JavaScript,MIT,175,0,訊號完整,
Totoro-jam/battle-tested-patterns,281,32,20,14.1,TypeScript,MIT,167,0,訊號完整,
aurorascharff/ClickLight,279,15,29,9.6,Swift,MIT,112,0,訊號完整,
ikeda042/PhenoPixel,296,4,26,11.4,TypeScript,MIT,98,0,訊號完整,
CodeBendKit/codeseek,294,22,19,15.5,Rust,MIT,221,0,訊號完整,
1ove9/antenna-forge,292,47,28,10.4,Python,MIT,106,0,訊號完整,
Tejas-TA/predikit,290,95,28,10.4,Python,MIT,61,0,訊號完整,
robzilla1738/harness-terminal,289,21,26,11.1,Swift,MIT,142,0,訊號完整,
oomol-lab/LockIME,288,12,12,24.0,Swift,GPL-3.0,104,0,訊號完整,
ZethRise/SpoofGUI,314,24,28,11.2,C#,GPL-3.0,96,0,訊號完整,
dimartarmizi/OmniCloud,302,84,14,21.6,JavaScript,MIT,139,0,訊號完整,
zhnt/loushang,301,67,24,12.5,Python,Apache-2.0,222,0,訊號完整,
SikamikanikoBG/homelab-monitor,133,22,28,4.8,Python,MIT,163,0,訊號完整,
ory/talos,132,6,20,6.6,Go,Apache-2.0,266,0,訊號完整,
metamask-eth/metamask-desktop,132,10,11,12.0,CSS,MIT,136,0,訊號完整,
Kaushal-Parmar/CrosshairX,132,0,6,22.0,C#,MIT,233,0,訊號完整,
2latemc/JustAnotherMusicClient,132,12,11,12.0,TypeScript,Apache-2.0,170,0,訊號完整,
duncatzat/vigils,331,20,22,15.0,Rust,Apache-2.0,122,0,訊號完整,
Yves176/polymarket-trade-engine,330,434,13,25.4,TypeScript,MIT,293,0,訊號完整,
renee-jia/scholar-loop,326,54,7,46.6,Python,MIT,172,0,訊號完整,
exon-research/genomi,323,41,25,12.9,Python,Apache-2.0,83,0,訊號完整,
shipfastlabs/parsel,320,8,24,13.3,PHP,MIT,56,0,訊號完整,
marekkowalczyk/breathe-cli,315,14,23,13.7,Python,MIT,42,0,訊號完整,
overflowy/make-look-scanned,356,16,2,178.0,Go,AGPL-3.0,56,0,訊號完整,
tinyhumansai/tiny.place,354,5,15,23.6,TypeScript,GPL-3.0,44,0,訊號完整,
raiyanyahya/recall,353,12,3,117.7,Python,MIT,125,0,訊號完整,
johnbean393/KeyType,350,15,22,15.9,Swift,MIT,62,0,訊號完整,
actuallyaridan/linux-devmgmt,342,5,27,12.7,C++,GPL-3.0,186,0,訊號完整,
Somnusochi/VLM-AutoYOLO,132,15,20,6.6,Python,AGPL-3.0,287,0,訊號完整,
sameerk27/vigil365,131,31,6,21.8,TypeScript,MIT,147,0,訊號完整,
qwer-xyz/incudal,130,106,2,65.0,TypeScript,BSD-3-Clause,40,0,訊號完整,
mrousavy/react-native-data-scanner,130,1,24,5.4,Swift,MIT,61,0,訊號完整,
myccarl/ai-shortVideo-pipeline,379,3,18,21.1,Python,MIT,250,0,訊號完整,
beijingcao/binance-deribit-btc,375,133,15,25.0,Python,MIT,130,0,訊號完整,
baskduf/FableCodex,372,49,8,46.5,Python,AGPL-3.0,74,0,訊號完整,
AllThingsSmitty/typescript-tips-everyone-should-know,370,3,28,13.2,Unknown,CC0-1.0,134,0,訊號完整,
u7079256/paperjury,364,30,20,18.2,JavaScript,MIT,111,0,訊號完整,
gykim80/perfectpixel-studio,358,55,8,44.8,Go,MIT,151,0,訊號完整,
datalab-to/lift,402,25,19,21.2,Python,Apache-2.0,62,0,訊號完整,
freestyle-voice/freestyle,391,51,28,14.0,TypeScript,MIT,31,0,訊號完整,
hoolulu/deep-research,385,39,17,22.6,HTML,MIT,112,0,訊號完整,
Amal-David/pagecast,129,8,18,7.2,JavaScript,MIT,121,0,訊號完整,
IvanMurzak/Godot-MCP,129,12,18,7.2,C#,Apache-2.0,161,0,訊號完整,
Manavarya09/public-apis-live,128,8,5,25.6,TypeScript,MIT,139,0,訊號完整,
OpenRaiser/PaperFlow,128,10,27,4.7,Python,MIT,89,0,訊號完整,
Nanako0129/coralline,430,32,10,43.0,Shell,MIT,115,0,訊號完整,
gajus/zod-compiler,428,6,12,35.7,TypeScript,BSD-3-Clause,121,0,訊號完整,
privatenumber/mac-ocr,423,19,9,47.0,Swift,MIT,68,0,訊號完整,
skydoves/compose-nav-graph,422,16,10,42.2,Kotlin,Apache-2.0,168,0,訊號完整,
r14dd/patent,416,16,23,18.1,Rust,Apache-2.0,74,0,訊號完整,
huawei-csl/KVarN,412,27,24,17.2,Python,Apache-2.0,164,0,訊號完整,
bjarneo/ku,410,16,9,45.6,Go,MIT,108,0,訊號完整,
ProxyShard/ShardBrowser,409,64,23,17.8,Rust,MIT,270,0,訊號完整,
fancyboi999/ai-engineering-from-scratch-zh,462,76,27,17.1,Python,MIT,91,0,訊號完整,
kennss/SiliconScope,459,31,14,32.8,Swift,MIT,110,0,訊號完整,
chubbyguan/chubbyskills,451,69,14,32.2,Python,MIT,234,0,訊號完整,
sky22333/skyadb,449,30,27,16.6,Kotlin,GPL-3.0,40,0,訊號完整,
OtterMind/Nubase,440,39,14,31.4,Java,Apache-2.0,222,0,訊號完整,
c0deJedi/nbd-vram,488,12,23,21.2,Shell,MIT,228,0,訊號完整,
argyleink/prop-for-that,474,6,24,19.8,TypeScript,MIT,28,0,訊號完整,
Dong90/oh-my-taiyiforge,467,10,17,27.5,TypeScript,MIT,79,0,訊號完整,
Jane-xiaoer/xiaoer-videolab,529,79,18,29.4,JavaScript,MIT,128,0,訊號完整,
royalbhati/sqltoerdiagram,515,45,8,64.4,HTML,MIT,130,0,訊號完整,
laksh-ya/OffPayApp,125,10,27,4.6,Kotlin,MIT,55,0,訊號完整,
apiotrowski-afk/commercial-legal-pl,124,16,27,4.6,Python,Apache-2.0,131,0,訊號完整,
PanisHandsome/ai-rules-sync,124,6,21,5.9,JavaScript,MIT,210,0,訊號完整,
AmmarkoV/SAM3DBody-cpp,544,73,29,18.8,C,MIT,144,0,訊號完整,
coder/boo,695,20,12,57.9,Zig,MIT,60,0,訊號完整,
liyue-aigc/female-portrait-director,691,90,23,30.0,Unknown,MIT,86,0,訊號完整,
tastyeffectco/sandboxd,684,31,19,36.0,Go,MIT,117,0,訊號完整,
RUC-NLPIR/Arbor,636,89,22,28.9,Python,Apache-2.0,111,0,訊號完整,
yangyunice/WorkMesh,104,6,20,5.2,TypeScript,MIT,103,0,訊號完整,
X-3306/Project-Onyx,103,13,29,3.6,C,GPL-3.0,308,0,訊號完整,
PerfectXM/mcp-db-server,103,0,6,17.2,Java,MIT,106,0,訊號完整,
Able-rip/cc-VisionRouter,103,0,19,5.4,JavaScript,MIT,173,0,訊號完整,
LayoutitStudio/cssQuake,103,4,18,5.7,TypeScript,GPL-2.0,57,0,訊號完整,
OttoRenner/Gentle-Coding,103,6,26,4.0,HTML,MIT,306,0,訊號完整,
borhen68/TokenTamer,123,21,14,8.8,Python,MIT,152,0,訊號完整,
CCLucky-uu/TaskMeld,123,12,25,4.9,TypeScript,MIT,116,0,訊號完整,
MohammdKopa/discord-server-booster-2026,123,0,7,17.6,C++,Apache-2.0,254,0,訊號完整,
Mguelfedrigo/Jenny-Mod-Jar,122,0,1,122.0,Unknown,MIT,58,0,訊號完整,
gyj1201/zipEnhancer,122,6,18,6.8,Python,MIT,114,0,訊號完整,
Jackychen-12/AI-Search,106,0,28,3.8,TypeScript,MIT,116,0,訊號完整,
Restamongembroider/fortnite-utility,105,0,1,105.0,Unknown,MIT,128,0,訊號完整,
Zepp-Hanzj/MemMapExplorer,104,3,18,5.8,C++,GPL-2.0,102,0,訊號完整,
roam-bit/ai-collaboration-notebook,107,0,25,4.3,Unknown,MIT,105,0,訊號完整,
diendh/zca-bridge,106,67,18,5.9,TypeScript,Apache-2.0,72,0,訊號完整,
paid-tw/einvoice,109,19,5,21.8,TypeScript,MIT,134,0,訊號完整,
Nyabsi/OpenVR-SpaceOverride,108,3,16,6.8,C++,AGPL-3.0,46,0,訊號完整,
dodo-reach/hermes-link-curator,111,8,17,6.5,HTML,MIT,80,0,訊號完整,
FengZi1221/grok-reg-tool,110,33,15,7.3,TypeScript,MIT,66,0,訊號完整,
Sendmux/sendmux-sdk,110,0,23,4.8,PHP,MIT,122,0,訊號完整,
rithwiksm77-wq/Spoof-Engine,122,0,1,122.0,Unknown,MIT,69,0,訊號完整,
techjarves/Portable-Diffusion,122,29,6,20.3,JavaScript,MIT,228,0,訊號完整,
Combat-ankit-fit/fortnite-panel-latest,122,0,1,122.0,Unknown,MIT,45,0,訊號完整,
hbddevos/PumpFun-Trainer_V1,121,0,4,30.2,Python,MIT,149,0,訊號完整,
alkhudarigroupuae/PumpFun-Trainer_V1,121,0,4,30.2,Python,MIT,149,0,訊號完整,
rebel0789/codexpro,742,65,6,123.7,JavaScript,MIT,77,0,訊號完整,
caezium/Burrow,741,139,22,33.7,Swift,MIT,200,0,訊號完整,
cobusgreyling/loop-engineering,724,92,13,55.7,JavaScript,MIT,221,0,訊號完整,
ytnrvdf/wha-spell-simulator,720,85,28,25.7,JavaScript,MIT,59,0,訊號完整,
DatanoiseTV/ember-hackernews,113,6,2,56.5,Swift,MIT,107,0,訊號完整,
UditAkhourii/adhd,867,46,28,31.0,TypeScript,MIT,280,0,訊號完整,
yb2460/harness-anything,865,47,26,33.3,Python,MIT,124,0,訊號完整,
microsoft/fastcontext,854,54,20,42.7,Python,MIT,69,0,訊號完整,
TestSprite/testsprite-cli,834,32,11,75.8,TypeScript,Apache-2.0,73,0,訊號完整,
tejaswigowda/ffmpeg-webCLI,821,68,23,35.7,JavaScript,GPL-3.0,144,0,訊號完整,
iliyami/MacSai,793,51,26,30.5,Swift,BSD-3-Clause,152,0,訊號完整,
alchaincyf/fanbox,774,103,12,64.5,JavaScript,MIT,157,0,訊號完整,
manojd23625/Steam-Tools,119,0,1,119.0,C#,MIT,199,0,訊號完整,
nico81/iContainer,119,3,7,17.0,Swift,MIT,75,0,訊號完整,
machinefi/trio-retina,118,43,7,16.9,Python,Apache-2.0,182,0,訊號完整,
withkynam/vibecode-pro-max-kit,972,208,26,37.4,JavaScript,MIT,339,0,訊號完整,
yorgai/ORG2,962,69,21,45.8,TypeScript,AGPL-3.0,119,0,訊號完整,
nolangz/pixel2motion,962,83,10,96.2,Python,MIT,134,0,訊號完整,
agent0ai/dox,948,129,21,45.1,Unknown,MIT,26,0,訊號完整,
bytedance/Bernini,932,73,24,38.8,Python,Apache-2.0,135,0,訊號完整,
superloglabs/superlog,926,68,20,46.3,TypeScript,Apache-2.0,77,0,訊號完整,
vedika-io/xalen-ephemeris,911,111,27,33.7,Rust,Apache-2.0,96,0,訊號完整,
vorssaint/vorssaint-utils,900,46,10,90.0,Swift,GPL-3.0,170,0,訊號完整,
Forward-Future/loop-library,1306,105,10,130.6,JavaScript,MIT,127,0,訊號完整,
ClaudioDrews/memory-os,1188,112,22,54.0,Python,MIT,199,0,訊號完整,
opengeos/GeoLibre,1168,158,26,44.9,TypeScript,MIT,184,0,訊號完整,
plannotator/effective-html,1137,82,13,87.5,HTML,MIT,104,0,訊號完整,
nevertoday/zhongguo-traditional-colors,1065,103,19,56.1,HTML,MIT,23,0,訊號完整,
boona13/image-extender,1016,115,27,37.6,TypeScript,MIT,164,0,訊號完整,
code-yeongyu/lazycodex,1824,99,28,65.1,TypeScript,MIT,128,0,訊號完整,
JimLiu/baoyu-design,1811,131,15,120.7,JavaScript,MIT,203,0,訊號完整,
Wentong-Liu/SayIt,117,4,15,7.8,Swift,MIT,78,0,訊號完整,
jestasecurity/thumper,117,4,8,14.6,Python,Apache-2.0,221,0,訊號完整,
XiaomiMiMo/MiMo-Code,10411,977,12,867.6,TypeScript,MIT,44,0,訊號完整,
darialebedev8/Crypto-Clipper,113,22,5,22.6,Python,MIT,338,0,訊號完整,
DietrichGebert/ponytail,50951,2508,10,5095.1,JavaScript,MIT,109,0,訊號完整,
